pcode,pname,acode,aname,ddpm_region,drought_risk_level,flood_risk_level,windstorm_risk_level,latitude,longitude
11,สมุทรปราการ,1101,เมืองสมุทรปราการ,1,0,0,0,13.57005719,100.652727
11,สมุทรปราการ,1102,บางบ่อ,1,0,0,0,13.58447894,100.8644025
11,สมุทรปราการ,1103,บางพลี,1,0,0,0,13.62832532,100.7269535
11,สมุทรปราการ,1104,พระประแดง,1,0,0,0,13.65707717,100.5536002
11,สมุทรปราการ,1105,พระสมุทรเจดีย์,1,0,0,0,13.55723677,100.5149659
11,สมุทรปราการ,1106,บางเสาธง,1,0,0,0,13.63652409,100.8095519
12,นนทบุรี,1201,เมืองนนทบุรี,1,0,0.25,0,13.85731527,100.4911353
12,นนทบุรี,1202,บางกรวย,1,0,0.5,0,13.81312635,100.4222538
12,นนทบุรี,1203,บางใหญ่,1,0,0.5,0,13.85607107,100.3699979
12,นนทบุรี,1204,บางบัวทอง,1,0,0.5,0.5,13.93046784,100.3944724
12,นนทบุรี,1205,ไทรน้อย,1,0,0.5,0,14.00682794,100.3091471
12,นนทบุรี,1206,ปากเกร็ด,1,0,0,0,13.92539732,100.495233
13,ปทุมธานี,1301,เมืองปทุมธานี,1,0,0.5,0,13.99298437,100.5352848
13,ปทุมธานี,1302,คลองหลวง,1,0,0.25,0,14.0942316,100.6768137
13,ปทุมธานี,1303,ธัญบุรี,1,0,0.5,0,14.02984825,100.7613612
13,ปทุมธานี,1304,หนองเสือ,1,0.5,0,0,14.16148081,100.8380414
13,ปทุมธานี,1305,ลาดหลุมแก้ว,1,0,0.25,0,14.04852254,100.406819
13,ปทุมธานี,1306,ลำลูกกา,1,0,0.5,0,13.97798912,100.7903918
13,ปทุมธานี,1307,สามโคก,1,0,0.5,0,14.08237014,100.5229581
14,พระนครศรีอยุธยา,1401,พระนครศรีอยุธยา,2,0,0.5,0,14.35195611,100.5600009
14,พระนครศรีอยุธยา,1402,ท่าเรือ,2,0,0.5,0,14.53834012,100.7075713
14,พระนครศรีอยุธยา,1403,นครหลวง,2,0.5,0.25,0,14.46818216,100.6254094
14,พระนครศรีอยุธยา,1404,บางไทร,2,0,0.5,0,14.2141782,100.484549
14,พระนครศรีอยุธยา,1405,บางบาล,2,0,0.75,0,14.38566684,100.4657987
14,พระนครศรีอยุธยา,1406,บางปะอิน,2,0,0.5,0,14.23774891,100.5944638
14,พระนครศรีอยุธยา,1407,บางปะหัน,2,0,0.5,0,14.47409762,100.5464265
14,พระนครศรีอยุธยา,1408,ผักไห่,2,0,0.25,0,14.45245142,100.3413653
14,พระนครศรีอยุธยา,1409,ภาชี,2,0,0,0,14.43911721,100.7258303
14,พระนครศรีอยุธยา,1410,ลาดบัวหลวง,2,0.5,0.25,0,14.16883317,100.3513824
14,พระนครศรีอยุธยา,1411,วังน้อย,2,0,0.5,0,14.24531697,100.7241261
14,พระนครศรีอยุธยา,1412,เสนา,2,0,0.75,0,14.29515095,100.3758611
14,พระนครศรีอยุธยา,1413,บางซ้าย,2,0.5,0.5,0,14.31326951,100.2954333
14,พระนครศรีอยุธยา,1414,อุทัย,2,0,0.5,0,14.3563723,100.6960957
14,พระนครศรีอยุธยา,1415,มหาราช,2,0,0.25,0,14.57403162,100.536756
14,พระนครศรีอยุธยา,1416,บ้านแพรก,2,0,0.25,0.75,14.64421927,100.5473355
15,อ่างทอง,1501,เมืองอ่างทอง,2,0,0.5,0.75,14.57874909,100.4430505
15,อ่างทอง,1502,ไชโย,2,0,0.25,0.75,14.67296421,100.4648574
15,อ่างทอง,1503,ป่าโมก,2,0,0.5,0.75,14.4895156,100.4526082
15,อ่างทอง,1504,โพธิ์ทอง,2,0,0.25,0.75,14.67746945,100.3441315
15,อ่างทอง,1505,แสวงหา,2,0,0.25,0.75,14.74897496,100.2860081
15,อ่างทอง,1506,วิเศษชัยชาญ,2,0,0.5,0.75,14.55467179,100.3121823
15,อ่างทอง,1507,สามโก้,2,0.75,0,0.75,14.60458501,100.2531628
16,ลพบุรี,1601,เมืองลพบุรี,16,0,0.25,0,14.82639314,100.6826874
16,ลพบุรี,1602,พัฒนานิคม,16,0.5,0,0,14.91265679,101.0170583
16,ลพบุรี,1603,โคกสำโรง,16,0,0.25,0,15.05534793,100.7677513
16,ลพบุรี,1604,ชัยบาดาล,16,0,0,0.5,15.19977327,101.1341867
16,ลพบุรี,1605,ท่าวุ้ง,16,0.5,0.25,0,14.82909047,100.5064008
16,ลพบุรี,1606,บ้านหมี่,16,0,0.25,0.5,15.06193889,100.5496835
16,ลพบุรี,1607,ท่าหลวง,16,0,0,0.5,15.05450647,101.1937515
16,ลพบุรี,1608,สระโบสถ์,16,0,0.5,0.5,15.23148467,100.8734046
16,ลพบุรี,1609,โคกเจริญ,16,0,0,0,15.41608877,100.8465945
16,ลพบุรี,1610,ลำสนธิ,16,0,0.25,0.75,15.40177627,101.3510855
16,ลพบุรี,1611,หนองม่วง,16,0.5,0.25,0,15.28605492,100.7003747
17,สิงห์บุรี,1701,เมืองสิงห์บุรี,16,0,0.5,0.5,14.91039269,100.4010066
17,สิงห์บุรี,1702,บางระจัน,16,0,0,0,14.89623273,100.2773431
17,สิงห์บุรี,1703,ค่ายบางระจัน,16,0,0.25,0,14.82121223,100.3057783
17,สิงห์บุรี,1704,พรหมบุรี,16,0,0.5,0.5,14.78425071,100.4458943
17,สิงห์บุรี,1705,ท่าช้าง,16,0,0.25,0.5,14.77968658,100.3909176
17,สิงห์บุรี,1706,อินทร์บุรี,16,0,0.75,0.75,15.02264105,100.3495387
18,ชัยนาท,1801,เมืองชัยนาท,16,0,0,0,15.19062747,100.1312257
18,ชัยนาท,1802,มโนรมย์,16,0,0.5,0.5,15.32192237,100.1663654
18,ชัยนาท,1803,วัดสิงห์,16,0,0.5,0.75,15.21269803,99.97274871
18,ชัยนาท,1804,สรรพยา,16,0.5,0.5,0.75,15.14992946,100.2546519
18,ชัยนาท,1805,สรรคบุรี,16,0.25,0,0,15.02043337,100.1739023
18,ชัยนาท,1806,หันคา,16,0.5,0.5,0.75,15.05105272,99.96178305
18,ชัยนาท,1807,หนองมะโมง,16,0.75,0.75,0.75,15.23627827,99.82493745
18,ชัยนาท,1808,เนินขาม,16,0,0.5,0,14.98908837,99.84062934
19,สระบุรี,1901,เมืองสระบุรี,3,0,0,0,14.49876945,100.9265971
19,สระบุรี,1902,แก่งคอย,3,0,0,0,14.56088445,101.0629806
19,สระบุรี,1903,หนองแค,3,0,0,0,14.36849554,100.8643291
19,สระบุรี,1904,วิหารแดง,3,0,0.5,0,14.34633959,100.9795661
19,สระบุรี,1905,หนองแซง,3,0.5,0,0,14.48413456,100.8034583
19,สระบุรี,1906,บ้านหมอ,3,0,0,0,14.61098684,100.7186322
19,สระบุรี,1907,ดอนพุด,3,0,0,0,14.60902208,100.6148546
19,สระบุรี,1908,หนองโดน,3,0,0,0,14.69419867,100.6879464
19,สระบุรี,1909,พระพุทธบาท,3,0,0,0,14.72065317,100.8077476
19,สระบุรี,1910,เสาไห้,3,0,0,0,14.57531414,100.8389898
19,สระบุรี,1911,มวกเหล็ก,3,0.5,0,0.75,14.79688955,101.2777036
19,สระบุรี,1912,วังม่วง,3,0,0,0.75,14.82201309,101.1396009
19,สระบุรี,1913,เฉลิมพระเกียรติ,3,0,0,0.5,14.66073865,100.910411
20,ชลบุรี,2001,เมืองชลบุรี,17,0,0,0,13.34239977,100.9975417
20,ชลบุรี,2002,บ้านบึง,17,0,0,0,13.25013387,101.17978
20,ชลบุรี,2003,หนองใหญ่,17,0,0,0,13.12600501,101.3753128
20,ชลบุรี,2004,บางละมุง,17,0,0,0,12.9208885,100.982044
20,ชลบุรี,2005,พานทอง,17,0,0.25,0,13.46352187,101.0858033
20,ชลบุรี,2006,พนัสนิคม,17,0,0.75,0,13.46833376,101.2193769
20,ชลบุรี,2007,ศรีราชา,17,0,0,0,13.12611251,101.03829
20,ชลบุรี,2008,เกาะสีชัง,17,0.5,0,0,13.15137906,100.8088894
20,ชลบุรี,2009,สัตหีบ,17,0,0,0,12.71060767,100.9175348
20,ชลบุรี,2010,บ่อทอง,17,0,0,0,13.24594286,101.5076108
20,ชลบุรี,2011,เกาะจันทร์,17,0,0,0,13.39806066,101.3926324
21,ระยอง,2101,เมืองระยอง,17,0,0,0,12.71681128,101.3477409
21,ระยอง,2102,บ้านฉาง,17,0,0,0,12.73334667,101.0479399
21,ระยอง,2103,แกลง,17,0.5,0,0,12.77893495,101.6550419
21,ระยอง,2104,วังจันทร์,17,0.5,0,0.5,12.96593761,101.5178119
21,ระยอง,2105,บ้านค่าย,17,0.5,0,0,12.84000222,101.34198
21,ระยอง,2106,ปลวกแดง,17,0,0,0,12.9788411,101.2508744
21,ระยอง,2107,เขาชะเมา,17,0.75,0,0,12.99419507,101.6784699
21,ระยอง,2108,นิคมพัฒนา,17,0,0,0,12.84272435,101.1485886
22,จันทบุรี,2201,เมืองจันทบุรี,17,0,0,0,12.60298527,102.119036
22,จันทบุรี,2202,ขลุง,17,0.75,0,0.5,12.5398786,102.2979134
22,จันทบุรี,2203,ท่าใหม่,17,0.5,0,0.75,12.72610096,101.9780981
22,จันทบุรี,2204,โป่งน้ำร้อน,17,0.5,0,0,12.93857118,102.3694478
22,จันทบุรี,2205,มะขาม,17,0,0.5,0.5,12.73645124,102.222399
22,จันทบุรี,2206,แหลมสิงห์,17,0,0,0.75,12.46716161,102.1225908
22,จันทบุรี,2207,สอยดาว,17,0.5,0,0.5,13.18360968,102.2319486
22,จันทบุรี,2208,แก่งหางแมว,17,0,0,0,13.09382418,101.8840307
22,จันทบุรี,2209,นายายอาม,17,0,0,0,12.73901664,101.8719487
22,จันทบุรี,2210,เขาคิชฌกูฏ,17,0.5,0,0.75,12.95417853,102.0962245
23,ตราด,2301,เมืองตราด,17,0,0,0.75,12.26536209,102.5974717
23,ตราด,2302,คลองใหญ่,17,0,0,0.75,11.8519244,102.835102
23,ตราด,2303,เขาสมิง,17,0.5,0,0,12.43681816,102.4164755
23,ตราด,2304,บ่อไร่,17,0,0.5,1,12.55823325,102.5712722
23,ตราด,2305,แหลมงอบ,17,0.5,0,0,12.22081854,102.3647208
23,ตราด,2306,เกาะกูด,17,0,0,0,11.68010506,102.5526643
23,ตราด,2307,เกาะช้าง,17,0.75,0.5,0,12.04679408,102.3382043
24,ฉะเชิงเทรา,2401,เมืองฉะเชิงเทรา,3,0.5,0.5,0,13.71867293,101.0140811
24,ฉะเชิงเทรา,2402,บางคล้า,3,0,0.5,0,13.74495062,101.2072507
24,ฉะเชิงเทรา,2403,บางน้ำเปรี้ยว,3,0,0.5,0,13.88272274,101.0294433
24,ฉะเชิงเทรา,2404,บางปะกง,3,0.5,0,0,13.53180858,100.9613514
24,ฉะเชิงเทรา,2405,บ้านโพธิ์,3,0.5,0.5,0,13.60971652,101.0808136
24,ฉะเชิงเทรา,2406,พนมสารคาม,3,0,0.75,0,13.73894223,101.4119954
24,ฉะเชิงเทรา,2407,ราชสาส์น,3,1,0.75,0,13.78781227,101.2833058
24,ฉะเชิงเทรา,2408,สนามชัยเขต,3,0.25,0.5,0,13.61927086,101.645774
24,ฉะเชิงเทรา,2409,แปลงยาว,3,0,0.25,0,13.55722956,101.3432085
24,ฉะเชิงเทรา,2410,ท่าตะเกียบ,3,0.5,0,0,13.39201186,101.7417967
24,ฉะเชิงเทรา,2411,คลองเขื่อน,3,0.5,0.25,0,13.77775067,101.153436
25,ปราจีนบุรี,2501,เมืองปราจีนบุรี,3,0,0,0,14.09961617,101.385906
25,ปราจีนบุรี,2502,กบินทร์บุรี,3,0,0,0,13.88965892,101.788927
25,ปราจีนบุรี,2503,นาดี,3,0.5,0,0,14.18520487,101.8539032
25,ปราจีนบุรี,2506,บ้านสร้าง,3,0,0.75,0,13.94756605,101.2490323
25,ปราจีนบุรี,2507,ประจันตคาม,3,0,0,0,14.2278323,101.5556128
25,ปราจีนบุรี,2508,ศรีมหาโพธิ,3,0,0,0,13.88662655,101.5400709
25,ปราจีนบุรี,2509,ศรีมโหสถ,3,1,0.5,0.5,13.88026089,101.4223319
26,นครนายก,2601,เมืองนครนายก,3,0,0,0,14.27859985,101.2313472
26,นครนายก,2602,ปากพลี,3,0,0,0,14.22813405,101.3427107
26,นครนายก,2603,บ้านนา,3,0,0,0,14.26957374,101.0634479
26,นครนายก,2604,องครักษ์,3,0.5,0.5,0,14.07549644,101.0073055
27,สระแก้ว,2701,เมืองสระแก้ว,3,0.5,0,0,13.92887701,102.1040348
27,สระแก้ว,2702,คลองหาด,3,0.75,0.25,0.5,13.47693428,102.2777127
27,สระแก้ว,2703,ตาพระยา,3,0.75,0.5,0,14.04716911,102.7208426
27,สระแก้ว,2704,วังน้ำเย็น,3,0.5,0.5,0,13.51692476,102.0799385
27,สระแก้ว,2705,วัฒนานคร,3,0.5,0.5,0.5,13.8933991,102.3612708
27,สระแก้ว,2706,อรัญประเทศ,3,0.5,0.5,0.75,13.69289278,102.4778401
27,สระแก้ว,2707,เขาฉกรรจ์,3,0.5,0.25,0,13.6257071,102.0243387
27,สระแก้ว,2708,โคกสูง,3,0.75,0.5,0.75,13.84862723,102.6417041
27,สระแก้ว,2709,วังสมบูรณ์,3,0.25,0,0,13.36530718,102.118279
30,นครราชสีมา,3001,เมืองนครราชสีมา,5,0,0,0,14.96977102,102.0925105
30,นครราชสีมา,3002,ครบุรี,5,0,0,0,14.38041009,102.2135856
30,นครราชสีมา,3003,เสิงสาง,5,0.25,0.5,0.5,14.35560032,102.4812062
30,นครราชสีมา,3004,คง,5,0.5,0,0.75,15.43457362,102.2943318
30,นครราชสีมา,3005,บ้านเหลื่อม,5,0.25,0,0.5,15.57396899,102.1436396
30,นครราชสีมา,3006,จักราช,5,0.5,0,0.75,14.95147833,102.4396605
30,นครราชสีมา,3007,โชคชัย,5,0,0,0,14.75982691,102.203755
30,นครราชสีมา,3008,ด่านขุนทด,5,0.25,0,0.5,15.2225504,101.7007243
30,นครราชสีมา,3009,โนนไทย,5,0,0,0.5,15.19121312,102.0241931
30,นครราชสีมา,3010,โนนสูง,5,0.5,0,0.5,15.21228688,102.2757032
30,นครราชสีมา,3011,ขามสะแกแสง,5,0.5,0.25,0,15.3823351,102.1697943
30,นครราชสีมา,3012,บัวใหญ่,5,0.25,0,0,15.5893713,102.3794856
30,นครราชสีมา,3013,ประทาย,5,0.25,0.25,0,15.56677158,102.6992344
30,นครราชสีมา,3014,ปักธงชัย,5,0.5,0.25,0,14.66352609,101.937752
30,นครราชสีมา,3015,พิมาย,5,0,0,0.75,15.25153494,102.5417838
30,นครราชสีมา,3016,ห้วยแถลง,5,0.5,0,0.75,15.04309554,102.6347445
30,นครราชสีมา,3017,ชุมพวง,5,0.75,0.5,0.5,15.26509017,102.7529234
30,นครราชสีมา,3018,สูงเนิน,5,0.75,0.5,0,14.85929569,101.8284815
30,นครราชสีมา,3019,ขามทะเลสอ,5,0.75,0.25,0.5,15.02854306,101.9305692
30,นครราชสีมา,3020,สีคิ้ว,5,0,0,0,14.9445026,101.6002501
30,นครราชสีมา,3021,ปากช่อง,5,0,0,0,14.61925032,101.4572733
30,นครราชสีมา,3022,หนองบุญมาก,5,0.5,0,0.5,14.71748545,102.3738693
30,นครราชสีมา,3023,แก้งสนามนาง,5,0.5,0,0.5,15.70205585,102.2469381
30,นครราชสีมา,3024,โนนแดง,5,0.5,0.5,0.75,15.44859809,102.5353002
30,นครราชสีมา,3025,วังน้ำเขียว,5,0,0,0,14.43279308,101.8708884
30,นครราชสีมา,3026,เทพารักษ์,5,0.5,0,0.75,15.28579743,101.5061022
30,นครราชสีมา,3027,เมืองยาง,5,0.5,0.75,0.75,15.43980058,102.8858394
30,นครราชสีมา,3028,พระทองคำ,5,0.5,0.25,0,15.35482997,101.9853082
30,นครราชสีมา,3029,ลำทะเมนชัย,5,0,0,0.75,15.2868616,102.9049792
30,นครราชสีมา,3030,บัวลาย,5,0.5,0.5,0,15.67068865,102.512789
30,นครราชสีมา,3031,สีดา,5,0.5,0.5,0,15.56365814,102.5502668
30,นครราชสีมา,3032,เฉลิมพระเกียรติ,5,0.25,0.5,0.75,14.97986541,102.2909995
31,บุรีรัมย์,3101,เมืองบุรีรัมย์,5,0.5,0,0,14.94150215,103.0591695
31,บุรีรัมย์,3102,คูเมือง,5,0,0,0.5,15.27144123,103.0379652
31,บุรีรัมย์,3103,กระสัง,5,0,0,0.75,14.9440918,103.3168502
31,บุรีรัมย์,3104,นางรอง,5,0.5,0,0,14.63503894,102.7610446
31,บุรีรัมย์,3105,หนองกี่,5,0.5,0,0,14.72561361,102.5565427
31,บุรีรัมย์,3106,ละหานทราย,5,0,0,0,14.33368193,102.8849705
31,บุรีรัมย์,3107,ประโคนชัย,5,0.5,0,0,14.60906234,103.0614169
31,บุรีรัมย์,3108,บ้านกรวด,5,0,0,0,14.39415561,103.1097198
31,บุรีรัมย์,3109,พุทไธสง,5,0.5,0,0,15.53240482,102.997297
31,บุรีรัมย์,3110,ลำปลายมาศ,5,0.5,0,0,15.01573603,102.8690324
31,บุรีรัมย์,3111,สตึก,5,0.5,0,0,15.22494736,103.3240686
31,บุรีรัมย์,3112,ปะคำ,5,0,0,0,14.40476852,102.6671098
31,บุรีรัมย์,3113,นาโพธิ์,5,0,0,0,15.69584481,102.938218
31,บุรีรัมย์,3114,หนองหงส์,5,0.5,0,0.5,14.86893454,102.6592116
31,บุรีรัมย์,3115,พลับพลาชัย,5,0.25,0,0,14.72937858,103.1683213
31,บุรีรัมย์,3116,ห้วยราช,5,0.5,0.25,0.5,15.00175426,103.2251798
31,บุรีรัมย์,3117,โนนสุวรรณ,5,0.5,0,0.5,14.55907215,102.5730536
31,บุรีรัมย์,3118,ชำนิ,5,0.5,0.5,0.75,14.78811989,102.8288011
31,บุรีรัมย์,3119,บ้านใหม่ไชยพจน์,5,0.25,0,0,15.57419359,102.8485612
31,บุรีรัมย์,3120,โนนดินแดง,5,0.5,0.5,0.75,14.22389999,102.6791208
31,บุรีรัมย์,3121,บ้านด่าน,5,0,0,0.75,15.12139056,103.1891501
31,บุรีรัมย์,3122,แคนดง,5,0,0.5,0.75,15.31154392,103.1272551
31,บุรีรัมย์,3123,เฉลิมพระเกียรติ,5,0,0,0.5,14.56318974,102.8925441
32,สุรินทร์,3201,เมืองสุรินทร์,5,0,0,0.5,14.88485018,103.5089183
32,สุรินทร์,3202,ชุมพลบุรี,5,0,0,0,15.38457652,103.3670411
32,สุรินทร์,3203,ท่าตูม,5,0,0,0.75,15.30961286,103.6440114
32,สุรินทร์,3204,จอมพระ,5,0.5,0.25,0.75,15.13925857,103.5834198
32,สุรินทร์,3205,ปราสาท,5,0.5,0,0,14.62872649,103.4108911
32,สุรินทร์,3206,กาบเชิง,5,0,0,0.75,14.47262611,103.566512
32,สุรินทร์,3207,รัตนบุรี,5,0.5,0,0.75,15.34053134,103.9021105
32,สุรินทร์,3208,สนม,5,0,0,0.75,15.17935941,103.7815155
32,สุรินทร์,3209,ศีขรภูมิ,5,0,0,0.5,14.94976921,103.7812398
32,สุรินทร์,3210,สังขะ,5,0,0,0.75,14.56589319,103.8303605
32,สุรินทร์,3211,ลำดวน,5,0.25,0,0.75,14.71673084,103.691508
32,สุรินทร์,3212,สำโรงทาบ,5,0.5,0.5,0,15.0447292,103.9417838
32,สุรินทร์,3213,บัวเชด,5,0.5,0,0,14.4794149,103.9781543
32,สุรินทร์,3214,พนมดงรัก,5,0,0.25,0,14.42854585,103.3084901
32,สุรินทร์,3215,ศรีณรงค์,5,0,0.5,0.75,14.77844985,103.8838233
32,สุรินทร์,3216,เขวาสินรินทร์,5,0.5,0,0.75,15.00610757,103.6150661
32,สุรินทร์,3217,โนนนารายณ์,5,0.5,0.5,0.5,15.19458385,103.9068632
33,ศรีสะเกษ,3301,เมืองศรีสะเกษ,13,0,0,0,15.08754831,104.347138
33,ศรีสะเกษ,3302,ยางชุมน้อย,13,0,0.25,0,15.23943457,104.3891614
33,ศรีสะเกษ,3303,กันทรารมย์,13,0,0,0.5,15.12593239,104.5709057
33,ศรีสะเกษ,3304,กันทรลักษ์,13,0,0,0,14.57109929,104.6701114
33,ศรีสะเกษ,3305,ขุขันธ์,13,0.5,0.25,0.75,14.7259653,104.1882395
33,ศรีสะเกษ,3306,ไพรบึง,13,0,0,0.75,14.77004641,104.3452108
33,ศรีสะเกษ,3307,ปรางค์กู่,13,0.5,0,0.5,14.85386789,104.0335884
33,ศรีสะเกษ,3308,ขุนหาญ,13,0,0,0,14.53731792,104.4055651
33,ศรีสะเกษ,3309,ราษีไศล,13,0,0,0.5,15.34552893,104.1820394
33,ศรีสะเกษ,3310,อุทุมพรพิสัย,13,0.5,0,0,15.12731494,104.1605692
33,ศรีสะเกษ,3311,บึงบูรพ์,13,0.5,0,0,15.30496281,104.0588797
33,ศรีสะเกษ,3312,ห้วยทับทัน,13,0.5,0.25,0,15.02063207,104.0359354
33,ศรีสะเกษ,3313,โนนคูณ,13,0,0.5,0.75,14.90652902,104.6937155
33,ศรีสะเกษ,3314,ศรีรัตนะ,13,0,0,0,14.79948369,104.483161
33,ศรีสะเกษ,3315,น้ำเกลี้ยง,13,0.5,0.25,0,14.91973669,104.5280146
33,ศรีสะเกษ,3316,วังหิน,13,0,0,0.5,14.96337572,104.2124221
33,ศรีสะเกษ,3317,ภูสิงห์,13,0,0,0,14.48878738,104.1462908
33,ศรีสะเกษ,3318,เมืองจันทร์,13,0,0,0.5,15.18484689,104.0220727
33,ศรีสะเกษ,3319,เบญจลักษ์,13,0,0,0,14.78775809,104.7128052
33,ศรีสะเกษ,3320,พยุห์,13,0,0,0.75,14.90782974,104.3799887
33,ศรีสะเกษ,3321,โพธิ์ศรีสุวรรณ,13,0,0,0,15.23517032,104.0663619
33,ศรีสะเกษ,3322,ศิลาลาด,13,0,0.25,0.5,15.48436751,104.0925857
34,อุบลราชธานี,3401,เมืองอุบลราชธานี,13,0,0,0,15.30033369,104.8285044
34,อุบลราชธานี,3402,ศรีเมืองใหม่,13,0,0,0.75,15.56258245,105.3544834
34,อุบลราชธานี,3403,โขงเจียม,13,0.5,0,0.5,15.45431702,105.5013513
34,อุบลราชธานี,3404,เขื่องใน,13,0,0.25,0,15.39390978,104.5344541
34,อุบลราชธานี,3405,เขมราฐ,13,0,0.5,0,15.9728036,105.1523831
34,อุบลราชธานี,3407,เดชอุดม,13,0,0,0,14.84926466,105.0737508
34,อุบลราชธานี,3408,นาจะหลวย,13,0,0,0,14.56512427,105.2280656
34,อุบลราชธานี,3409,น้ำยืน,13,0,0.25,0.5,14.43919782,105.0681538
34,อุบลราชธานี,3410,บุณฑริก,13,0,0,0,14.70835473,105.4019471
34,อุบลราชธานี,3411,ตระการพืชผล,13,0,0,0.75,15.61424524,105.0647027
34,อุบลราชธานี,3412,กุดข้าวปุ้น,13,0,0,0.5,15.81542126,105.0404188
34,อุบลราชธานี,3414,ม่วงสามสิบ,13,0,0.25,0.75,15.52607727,104.7207287
34,อุบลราชธานี,3415,วารินชำราบ,13,0,0,0,15.12162232,104.8583304
34,อุบลราชธานี,3419,พิบูลมังสาหาร,13,0,0,0.75,15.1499308,105.2364999
34,อุบลราชธานี,3420,ตาลสุม,13,0,0.5,0,15.38956271,105.1522651
34,อุบลราชธานี,3421,โพธิ์ไทร,13,0,0,0,15.76475761,105.3418274
34,อุบลราชธานี,3422,สำโรง,13,0,0,0.5,14.98037116,104.7901251
34,อุบลราชธานี,3424,ดอนมดแดง,13,0,0.5,0.75,15.3835108,105.0157232
34,อุบลราชธานี,3425,สิรินธร,13,0,0,0,15.11078139,105.4354313
34,อุบลราชธานี,3426,ทุ่งศรีอุดม,13,0,0,0,14.7408227,104.9165652
34,อุบลราชธานี,3429,นาเยีย,13,0,0.5,0.75,15.0495975,105.0584563
34,อุบลราชธานี,3430,นาตาล,13,0.5,0,0.5,15.9334108,105.2826098
34,อุบลราชธานี,3431,เหล่าเสือโก้ก,13,0,0.25,0.75,15.44079559,104.9101545
34,อุบลราชธานี,3432,สว่างวีระวงศ์,13,0.25,0,0,15.23574676,105.0696239
34,อุบลราชธานี,3433,น้ำขุ่น,13,0,0.25,0.5,14.56718878,104.8947638
35,ยโสธร,3501,เมืองยโสธร,13,0,0.5,0.75,15.84810788,104.1678044
35,ยโสธร,3502,ทรายมูล,13,0.5,0.5,0,15.98317279,104.1962269
35,ยโสธร,3503,กุดชุม,13,0.5,0,0,16.05422512,104.2890457
35,ยโสธร,3504,คำเขื่อนแก้ว,13,0,0.25,0,15.64959689,104.3351111
35,ยโสธร,3505,ป่าติ้ว,13,0.25,0.5,0.75,15.84621761,104.3924165
35,ยโสธร,3506,มหาชนะชัย,13,0,0.5,0.75,15.51344969,104.2560015
35,ยโสธร,3507,ค้อวัง,13,0,0.25,0,15.37989377,104.3438139
35,ยโสธร,3508,เลิงนกทา,13,0,0.25,0,16.2034254,104.522674
35,ยโสธร,3509,ไทยเจริญ,13,0,0.25,0.5,16.08585313,104.4371248
36,ชัยภูมิ,3601,เมืองชัยภูมิ,5,1,0.5,0.75,15.89726997,102.0360654
36,ชัยภูมิ,3602,บ้านเขว้า,5,0.25,0.5,0.5,15.82474869,101.836654
36,ชัยภูมิ,3603,คอนสวรรค์,5,0.5,0,0.75,15.93260272,102.271827
36,ชัยภูมิ,3604,เกษตรสมบูรณ์,5,0.5,0,0.75,16.29408565,101.9030028
36,ชัยภูมิ,3605,หนองบัวแดง,5,0.5,0,0,16.19929212,101.6233985
36,ชัยภูมิ,3606,จัตุรัส,5,0.5,0.5,0,15.57785392,101.8411426
36,ชัยภูมิ,3607,บำเหน็จณรงค์,5,0.5,0.5,0.75,15.46754357,101.6518467
36,ชัยภูมิ,3608,หนองบัวระเหว,5,0.5,0,0.75,15.83557251,101.632629
36,ชัยภูมิ,3609,เทพสถิต,5,0.5,0,0,15.59738143,101.4744371
36,ชัยภูมิ,3610,ภูเขียว,5,0.25,0,0,16.35096315,102.1568572
36,ชัยภูมิ,3611,บ้านแท่น,5,0.75,0.5,0.75,16.38019612,102.3465191
36,ชัยภูมิ,3612,แก้งคร้อ,5,0.5,0,0.75,16.13204549,102.2107283
36,ชัยภูมิ,3613,คอนสาร,5,0.75,0,0.5,16.54849173,101.7192153
36,ชัยภูมิ,3614,ภักดีชุมพล,5,0.75,0,0,15.9698662,101.4063414
36,ชัยภูมิ,3615,เนินสง่า,5,0.5,0.5,0,15.55791062,101.9921804
36,ชัยภูมิ,3616,ซับใหญ่,5,0,0,0.75,15.61435177,101.6384321
37,อำนาจเจริญ,3701,เมืองอำนาจเจริญ,13,0,0.5,0,15.88171649,104.6377941
37,อำนาจเจริญ,3702,ชานุมาน,13,0,0.25,0,16.12633848,104.9229178
37,อำนาจเจริญ,3703,ปทุมราชวงศา,13,0,0,0,15.8979812,104.8977372
37,อำนาจเจริญ,3704,พนา,13,0,0.25,0,15.67310789,104.8536243
37,อำนาจเจริญ,3705,เสนางคนิคม,13,0,0,0,16.05311268,104.6824231
37,อำนาจเจริญ,3706,หัวตะพาน,13,0,0.25,0,15.67939305,104.5233703
37,อำนาจเจริญ,3707,ลืออำนาจ,13,0.5,0.25,0.5,15.71161177,104.7058907
38,บึงกาฬ,3801,เมืองบึงกาฬ,7,0,0,0,18.31130426,103.6038923
38,บึงกาฬ,3802,พรเจริญ,7,0.25,0,0,18.0739963,103.6478569
38,บึงกาฬ,3803,โซ่พิสัย,7,0.5,0.5,0,18.14447568,103.4488359
38,บึงกาฬ,3804,เซกา,7,0,0,0,17.98731043,103.9009786
38,บึงกาฬ,3805,ปากคาด,7,0.25,0.5,0.5,18.2814228,103.3394088
38,บึงกาฬ,3806,บึงโขงหลง,7,0.5,0,0,18.02951689,104.069678
38,บึงกาฬ,3807,ศรีวิไล,7,0,0,0,18.15585304,103.7791964
38,บึงกาฬ,3808,บุ่งคล้า,7,0.25,0.5,0.5,18.24268382,103.9663233
39,หนองบัวลำภู,3901,เมืองหนองบัวลำภู,14,0,0,0,17.16678829,102.399112
39,หนองบัวลำภู,3902,นากลาง,14,0.5,0.25,0,17.32736831,102.2067864
39,หนองบัวลำภู,3903,โนนสัง,14,0.5,0,0.5,16.90703192,102.5284167
39,หนองบัวลำภู,3904,ศรีบุญเรือง,14,0.5,0,0,17.00644676,102.207519
39,หนองบัวลำภู,3905,สุวรรณคูหา,14,0.5,0.25,0.5,17.55019051,102.2462784
39,หนองบัวลำภู,3906,นาวัง,14,0,0.25,0.75,17.35843196,102.0586009
40,ขอนแก่น,4001,เมืองขอนแก่น,6,0.5,0,0,16.46347689,102.8044387
40,ขอนแก่น,4002,บ้านฝาง,6,0.75,0.5,0.75,16.49631737,102.6150439
40,ขอนแก่น,4003,พระยืน,6,1,0.25,0.5,16.31169523,102.6687686
40,ขอนแก่น,4004,หนองเรือ,6,0.5,0,0.75,16.49448832,102.4447604
40,ขอนแก่น,4005,ชุมแพ,6,0.5,0,0,16.6200871,102.09258
40,ขอนแก่น,4006,สีชมพู,6,0.75,0,0.5,16.76528515,102.1243706
40,ขอนแก่น,4007,น้ำพอง,6,0.25,0,0,16.70154349,102.8793005
40,ขอนแก่น,4008,อุบลรัตน์,6,0,0,0,16.78405197,102.6750307
40,ขอนแก่น,4009,กระนวน,6,0,0,0,16.75600811,103.0791566
40,ขอนแก่น,4010,บ้านไผ่,6,0.5,0.5,0,16.0482915,102.7720544
40,ขอนแก่น,4011,เปือยน้อย,6,1,0.25,0.75,15.89389021,102.8633227
40,ขอนแก่น,4012,พล,6,0.75,0.25,0,15.8086479,102.5912122
40,ขอนแก่น,4013,แวงใหญ่,6,0.5,0,0,15.92836919,102.4590591
40,ขอนแก่น,4014,แวงน้อย,6,0.5,0.25,0,15.80899431,102.413874
40,ขอนแก่น,4015,หนองสองห้อง,6,0.5,0.5,0.5,15.76387974,102.7893735
40,ขอนแก่น,4016,ภูเวียง,6,0.5,0.25,0.5,16.67319192,102.4652792
40,ขอนแก่น,4017,มัญจาคีรี,6,1,0.25,0.75,16.21787711,102.5193729
40,ขอนแก่น,4018,ชนบท,6,0.5,0.25,0.75,16.0251312,102.5571342
40,ขอนแก่น,4019,เขาสวนกวาง,6,0.75,0.25,0.75,16.92020873,102.7801968
40,ขอนแก่น,4020,ภูผาม่าน,6,0.75,0.5,0.75,16.71777445,101.8684714
40,ขอนแก่น,4021,ซำสูง,6,0.5,0.5,0,16.56421373,103.0508259
40,ขอนแก่น,4022,โคกโพธิ์ไชย,6,0.5,0.5,0,16.07643792,102.3862439
40,ขอนแก่น,4023,หนองนาคำ,6,0.5,0.5,0.75,16.80935467,102.3305241
40,ขอนแก่น,4024,บ้านแฮด,6,0.75,0.5,0.75,16.20568091,102.7657804
40,ขอนแก่น,4025,โนนศิลา,6,0.5,0.5,0.75,15.96680649,102.6837833
40,ขอนแก่น,4029,เวียงเก่า,6,0.5,0,0,16.70133066,102.2659785
41,อุดรธานี,4101,เมืองอุดรธานี,14,0,0,0.75,17.39366985,102.7883572
41,อุดรธานี,4102,กุดจับ,14,0,0,0.5,17.4432596,102.5340197
41,อุดรธานี,4103,หนองวัวซอ,14,0,0,0.5,17.19467004,102.5881044
41,อุดรธานี,4104,กุมภวาปี,14,0,0,0.5,17.09188501,102.9906808
41,อุดรธานี,4105,โนนสะอาด,14,0,0,0.5,16.95053006,102.8966834
41,อุดรธานี,4106,หนองหาน,14,0,0,0.5,17.36286171,103.1021862
41,อุดรธานี,4107,ทุ่งฝน,14,0,0,0.5,17.50256476,103.2108375
41,อุดรธานี,4108,ไชยวาน,14,0.5,0,0.5,17.22145101,103.2745005
41,อุดรธานี,4109,ศรีธาตุ,14,0.5,0.25,0.5,17.03685982,103.2264277
41,อุดรธานี,4110,วังสามหมอ,14,0,0,0,17.0479107,103.4574914
41,อุดรธานี,4111,บ้านดุง,14,0.5,0,0,17.70856806,103.2618151
41,อุดรธานี,4117,บ้านผือ,14,0,0,0.75,17.67676945,102.4448115
41,อุดรธานี,4118,น้ำโสม,14,0,0,0.75,17.74727937,102.179548
41,อุดรธานี,4119,เพ็ญ,14,0,0,0.5,17.6645239,102.9290353
41,อุดรธานี,4120,สร้างคอม,14,0,0,0,17.79043253,103.0504526
41,อุดรธานี,4121,หนองแสง,14,0.5,0,0.75,17.14505942,102.7813829
41,อุดรธานี,4122,นายูง,14,0,0.5,0.75,17.93242456,102.1300483
41,อุดรธานี,4123,พิบูลย์รักษ์,14,0.25,0,0.5,17.52597243,103.0665407
41,อุดรธานี,4124,กู่แก้ว,14,0,0,0.75,17.16242119,103.163185
41,อุดรธานี,4125,ประจักษ์ศิลปาคม,14,0.5,0,0.75,17.24439055,102.9895182
42,เลย,4201,เมืองเลย,14,0,0,0,17.54286646,101.7192569
42,เลย,4202,นาด้วง,14,0.25,0.25,0.5,17.54252334,101.9958811
42,เลย,4203,เชียงคาน,14,0.5,0,0,17.82620165,101.7331799
42,เลย,4204,ปากชม,14,0.75,0.75,0.75,17.91276766,101.9571638
42,เลย,4205,ด่านซ้าย,14,0.5,0,0,17.23141607,101.2181052
42,เลย,4206,นาแห้ว,14,0.5,0.5,0.75,17.44186966,100.9946713
42,เลย,4207,ภูเรือ,14,0,0.25,0,17.40270791,101.3912162
42,เลย,4208,ท่าลี่,14,0.5,0,0.5,17.61716317,101.4391822
42,เลย,4209,วังสะพุง,14,0.5,0,0.5,17.27425973,101.713753
42,เลย,4210,ภูกระดึง,14,0.5,0,0.5,16.89461884,101.839978
42,เลย,4211,ภูหลวง,14,0.75,0,0,17.09781704,101.6228861
42,เลย,4212,ผาขาว,14,0,0,0.5,17.04928695,102.0124172
42,เลย,4213,เอราวัณ,14,0,0,0,17.28728215,101.9746706
42,เลย,4214,หนองหิน,14,0,0,0.75,17.07374753,101.8200852
43,หนองคาย,4301,เมืองหนองคาย,14,0,0,0,17.83603567,102.792414
43,หนองคาย,4302,ท่าบ่อ,14,0,0,0.5,17.79802446,102.5638963
43,หนองคาย,4305,โพนพิสัย,14,0.5,0,0.75,17.95187086,103.1252446
43,หนองคาย,4307,ศรีเชียงใหม่,14,0,0,0.75,17.93742694,102.5018132
43,หนองคาย,4308,สังคม,14,0.75,0,0.5,18.06414753,102.2155821
43,หนองคาย,4314,สระใคร,14,0,0,0,17.66574042,102.7022177
43,หนองคาย,4315,เฝ้าไร่,14,0.5,0,0.75,18.0049404,103.2985228
43,หนองคาย,4316,รัตนวาปี,14,0.25,0,0.75,18.19243718,103.2383487
43,หนองคาย,4317,โพธิ์ตาก,14,0,0.25,0.75,17.889815,102.4278923
44,มหาสารคาม,4401,เมืองมหาสารคาม,6,0,0.5,0.75,16.12760875,103.3074959
44,มหาสารคาม,4402,แกดำ,6,0.5,0.25,0.5,16.05475342,103.3951943
44,มหาสารคาม,4403,โกสุมพิสัย,6,0.5,0,0,16.24501641,102.9946121
44,มหาสารคาม,4404,กันทรวิชัย,6,0.5,0.5,0.75,16.28452172,103.2675706
44,มหาสารคาม,4405,เชียงยืน,6,0.5,0.5,0.75,16.41234318,103.076988
44,มหาสารคาม,4406,บรบือ,6,0.25,0.25,0.5,15.99301744,103.1234799
44,มหาสารคาม,4407,นาเชือก,6,0.5,0.25,0,15.80655848,103.0417479
44,มหาสารคาม,4408,พยัคฆภูมิพิสัย,6,0.5,0.25,0,15.5278908,103.236514
44,มหาสารคาม,4409,วาปีปทุม,6,0.5,0,0,15.86929158,103.3417844
44,มหาสารคาม,4410,นาดูน,6,0,0,0,15.72742453,103.2380497
44,มหาสารคาม,4411,ยางสีสุราช,6,0.5,0,0,15.65412935,103.0945374
44,มหาสารคาม,4412,กุดรัง,6,0.5,0.25,0.5,16.04619277,102.9567389
44,มหาสารคาม,4413,ชื่นชม,6,0.25,0.25,0.75,16.53970373,103.142723
45,ร้อยเอ็ด,4501,เมืองร้อยเอ็ด,6,0,0.5,0.75,16.01915053,103.6098324
45,ร้อยเอ็ด,4502,เกษตรวิสัย,6,0.5,0.25,0,15.60367859,103.5628162
45,ร้อยเอ็ด,4503,ปทุมรัตต์,6,0.5,0,0.5,15.62422484,103.3826402
45,ร้อยเอ็ด,4504,จตุรพักตรพิมาน,6,0.5,0.5,0.75,15.82910014,103.5485384
45,ร้อยเอ็ด,4505,ธวัชบุรี,6,0,0.25,0.75,16.03056188,103.7751179
45,ร้อยเอ็ด,4506,พนมไพร,6,0,0.25,0.5,15.69441828,104.0731908
45,ร้อยเอ็ด,4507,โพนทอง,6,0.25,0,0,16.28943502,103.9636609
45,ร้อยเอ็ด,4508,โพธิ์ชัย,6,0,0.5,0.75,16.32974411,103.7982125
45,ร้อยเอ็ด,4509,หนองพอก,6,0,0.5,0.5,16.30479083,104.2165398
45,ร้อยเอ็ด,4510,เสลภูมิ,6,0,0.5,0.5,16.0515092,103.9963058
45,ร้อยเอ็ด,4511,สุวรรณภูมิ,6,0,0.5,0.5,15.6079861,103.8035237
45,ร้อยเอ็ด,4512,เมืองสรวง,6,0.5,0.25,0.75,15.78832744,103.7510531
45,ร้อยเอ็ด,4513,โพนทราย,6,0,0.25,0.5,15.4940233,103.936711
45,ร้อยเอ็ด,4514,อาจสามารถ,6,0,0.25,0,15.84259764,103.864282
45,ร้อยเอ็ด,4515,เมยวดี,6,0,0.5,0,16.37570818,104.1095761
45,ร้อยเอ็ด,4516,ศรีสมเด็จ,6,0,0.25,0.5,16.01860351,103.5063216
45,ร้อยเอ็ด,4517,จังหาร,6,0,0.25,0.5,16.16548367,103.6099599
45,ร้อยเอ็ด,4518,เชียงขวัญ,6,0.25,0.5,0.75,16.14971456,103.7440092
45,ร้อยเอ็ด,4519,หนองฮี,6,0,0.25,0,15.58152839,104.0092907
45,ร้อยเอ็ด,4520,ทุ่งเขาหลวง,6,0,0.25,0.5,15.99427234,103.8674382
46,กาฬสินธุ์,4601,เมืองกาฬสินธุ์,6,0.5,0,0.5,16.51460246,103.5561116
46,กาฬสินธุ์,4602,นามน,6,0,0,0,16.58061818,103.7883537
46,กาฬสินธุ์,4603,กมลาไสย,6,0,0.5,0.75,16.28860318,103.6060457
46,กาฬสินธุ์,4604,ร่องคำ,6,0,0,0.75,16.28936515,103.7151796
46,กาฬสินธุ์,4605,กุฉินารายณ์,6,0,0,0,16.5234779,104.0508379
46,กาฬสินธุ์,4606,เขาวง,6,0,0.5,0.5,16.6822064,104.1048223
46,กาฬสินธุ์,4607,ยางตลาด,6,0,0.25,0.75,16.44313263,103.3492492
46,กาฬสินธุ์,4608,ห้วยเม็ก,6,0,0.25,0.5,16.59721802,103.2376279
46,กาฬสินธุ์,4609,สหัสขันธ์,6,0,0,0,16.72071675,103.5770893
46,กาฬสินธุ์,4610,คำม่วง,6,0,0.25,0,16.94922734,103.6461165
46,กาฬสินธุ์,4611,ท่าคันโท,6,0,0,0.75,16.88238778,103.2419646
46,กาฬสินธุ์,4612,หนองกุงศรี,6,0,0,0.75,16.72313415,103.3327149
46,กาฬสินธุ์,4613,สมเด็จ,6,0,0,0,16.77647955,103.7570149
46,กาฬสินธุ์,4614,ห้วยผึ้ง,6,0,0.5,0.75,16.67421135,103.8868771
46,กาฬสินธุ์,4615,สามชัย,6,0,0.25,0.5,16.88499728,103.5241806
46,กาฬสินธุ์,4616,นาคู,6,0.5,0.25,0,16.76135127,104.0075767
46,กาฬสินธุ์,4617,ดอนจาน,6,0.25,0,0.5,16.47483081,103.7137762
46,กาฬสินธุ์,4618,ฆ้องชัย,6,0,0.5,0.75,16.26090836,103.4747417
47,สกลนคร,4701,เมืองสกลนคร,7,0,0.25,0.5,17.17414077,104.1019804
47,สกลนคร,4702,กุสุมาลย์,7,0.25,0.5,0.75,17.35642978,104.2708463
47,สกลนคร,4703,กุดบาก,7,0,0.25,0,17.08556734,103.8172008
47,สกลนคร,4704,พรรณานิคม,7,0,0.25,0,17.31633677,103.894114
47,สกลนคร,4705,พังโคน,7,0.5,0.5,0,17.38862239,103.7504107
47,สกลนคร,4706,วาริชภูมิ,7,0,0,0,17.25703472,103.6096528
47,สกลนคร,4707,นิคมน้ำอูน,7,0,0,0.5,17.16950057,103.7297117
47,สกลนคร,4708,วานรนิวาส,7,0.5,0.5,0.5,17.62889423,103.7373565
47,สกลนคร,4709,คำตากล้า,7,0,0.5,0.5,17.82922744,103.7863664
47,สกลนคร,4710,บ้านม่วง,7,0.5,0.25,0,17.90117161,103.5265244
47,สกลนคร,4711,อากาศอำนวย,7,0,0.25,0.5,17.64195468,103.9718861
47,สกลนคร,4712,สว่างแดนดิน,7,0.5,0.25,0.5,17.46110335,103.4475851
47,สกลนคร,4713,ส่องดาว,7,0,0.25,0.5,17.31308368,103.4406096
47,สกลนคร,4714,เต่างอย,7,0.5,0.25,0.75,16.94151027,104.1504745
47,สกลนคร,4715,โคกศรีสุพรรณ,7,0,0.25,0.5,17.02576963,104.2954179
47,สกลนคร,4716,เจริญศิลป์,7,0.5,0.25,0.5,17.64135557,103.5309091
47,สกลนคร,4717,โพนนาแก้ว,7,0,0.25,0.5,17.2139951,104.3071339
47,สกลนคร,4718,ภูพาน,7,0.5,0,0,16.93594003,103.9287474
48,นครพนม,4801,เมืองนครพนม,7,0,0,0,17.32104535,104.6627782
48,นครพนม,4802,ปลาปาก,7,0,0,0,17.20094273,104.5376967
48,นครพนม,4803,ท่าอุเทน,7,0.5,0,0.75,17.60812427,104.4971001
48,นครพนม,4804,บ้านแพง,7,0,0,0,17.87311561,104.2173454
48,นครพนม,4805,ธาตุพนม,7,0,0,0,16.9635661,104.7028209
48,นครพนม,4806,เรณูนคร,7,0,0,0,17.05472452,104.6470348
48,นครพนม,4807,นาแก,7,0,0,0,16.94094638,104.46492
48,นครพนม,4808,ศรีสงคราม,7,0,0.25,0.5,17.63817119,104.2349138
48,นครพนม,4809,นาหว้า,7,0,0.5,0.5,17.50129224,104.0981902
48,นครพนม,4810,โพนสวรรค์,7,0,0,0.5,17.46605369,104.4090541
48,นครพนม,4811,นาทม,7,0,0,0.5,17.84087318,104.0978769
48,นครพนม,4812,วังยาง,7,0,0,0.75,17.07249907,104.438989
49,มุกดาหาร,4901,เมืองมุกดาหาร,7,0.5,0.25,0,16.55015083,104.6281673
49,มุกดาหาร,4902,นิคมคำสร้อย,7,0.75,0.5,0,16.35293466,104.5563643
49,มุกดาหาร,4903,ดอนตาล,7,0,0.25,0.5,16.29666764,104.8119098
49,มุกดาหาร,4904,ดงหลวง,7,1,0.5,0.75,16.79491706,104.3500957
49,มุกดาหาร,4905,คำชะอี,7,0,0.25,0.75,16.61576479,104.3482477
49,มุกดาหาร,4906,หว้านใหญ่,7,0,0,0.5,16.7197844,104.7263476
49,มุกดาหาร,4907,หนองสูง,7,0,0,0.75,16.4436369,104.3419503
50,เชียงใหม่,5001,เมืองเชียงใหม่,10,0,0,0,18.79080205,98.95547954
50,เชียงใหม่,5002,จอมทอง,10,0.75,0,0.5,18.37167313,98.60396527
50,เชียงใหม่,5003,แม่แจ่ม,10,0.25,0.5,0.75,18.60814344,98.30623619
50,เชียงใหม่,5004,เชียงดาว,10,0.5,0,0,19.50593825,98.90997767
50,เชียงใหม่,5005,ดอยสะเก็ด,10,0,0.5,0.5,18.93948159,99.2168034
50,เชียงใหม่,5006,แม่แตง,10,0,0,0.75,19.18061826,98.85076997
50,เชียงใหม่,5007,แม่ริม,10,0,0,0.5,18.94138383,98.87841034
50,เชียงใหม่,5008,สะเมิง,10,0.75,0.5,0.5,18.90963567,98.63618195
50,เชียงใหม่,5009,ฝาง,10,0,0,0.5,19.88539786,99.16255666
50,เชียงใหม่,5010,แม่อาย,10,0.25,0,0.75,20.00076392,99.32787297
50,เชียงใหม่,5011,พร้าว,10,0.5,0,0.5,19.29358906,99.21828329
50,เชียงใหม่,5012,สันป่าตอง,10,0,0,1,18.60639723,98.8772463
50,เชียงใหม่,5013,สันกำแพง,10,0,0,0.75,18.73472111,99.16353237
50,เชียงใหม่,5014,สันทราย,10,0,0.5,0.5,18.95471425,99.03067904
50,เชียงใหม่,5015,หางดง,10,0,0.5,0.75,18.73530043,98.87910384
50,เชียงใหม่,5016,ฮอด,10,0.5,0.5,0.5,18.1136693,98.47668489
50,เชียงใหม่,5017,ดอยเต่า,10,0,0,0.5,17.90571996,98.67504566
50,เชียงใหม่,5018,อมก๋อย,10,0.25,0.25,0.5,17.68016188,98.33570785
50,เชียงใหม่,5019,สารภี,10,0,0,0.5,18.69748905,99.01986347
50,เชียงใหม่,5020,เวียงแหง,10,0.5,0.25,0.5,19.58860732,98.66040736
50,เชียงใหม่,5021,ไชยปราการ,10,0.5,0.75,1,19.68080368,99.17266536
50,เชียงใหม่,5022,แม่วาง,10,0,0,0.5,18.66593451,98.65496453
50,เชียงใหม่,5023,แม่ออน,10,0.5,0,0.5,18.74371138,99.29846429
50,เชียงใหม่,5024,ดอยหล่อ,10,0.75,0,0.75,18.53258375,98.75398647
50,เชียงใหม่,5025,กัลยาณิวัฒนา,10,0.5,0.75,0.75,19.01171743,98.31848067
51,ลำพูน,5101,เมืองลำพูน,10,0,0,0.5,18.55224003,99.0592838
51,ลำพูน,5102,แม่ทา,10,0.5,0,0,18.38089591,99.08309593
51,ลำพูน,5103,บ้านโฮ่ง,10,0,0,0.75,18.26699088,98.82372436
51,ลำพูน,5104,ลี้,10,0,0,0.5,17.78797607,98.88454143
51,ลำพูน,5105,ทุ่งหัวช้าง,10,0,0.75,1,17.97589216,99.0571367
51,ลำพูน,5106,ป่าซาง,10,0,0,1,18.41897542,98.88671728
51,ลำพูน,5107,บ้านธิ,10,0.75,0,0.75,18.64801766,99.15953348
51,ลำพูน,5108,เวียงหนองล่อง,10,0,0,0.75,18.4151215,98.74795328
52,ลำปาง,5201,เมืองลำปาง,10,0,0,0.5,18.41160633,99.53553735
52,ลำปาง,5202,แม่เมาะ,10,0,0,0.75,18.40516298,99.82378443
52,ลำปาง,5203,เกาะคา,10,0,0,0.5,18.13883083,99.34502367
52,ลำปาง,5204,เสริมงาม,10,0,0,0.75,18.08994771,99.15977932
52,ลำปาง,5205,งาว,10,0,0.5,0.75,18.75731972,99.92687223
52,ลำปาง,5206,แจ้ห่ม,10,0.5,0,0.75,18.75080146,99.64975808
52,ลำปาง,5207,วังเหนือ,10,0,0.5,0.75,19.14634588,99.63941967
52,ลำปาง,5208,เถิน,10,0,0.5,0.5,17.56638302,99.2865468
52,ลำปาง,5209,แม่พริก,10,0.5,0,0.75,17.50282847,99.05381044
52,ลำปาง,5210,แม่ทะ,10,0,0,0.75,18.1053586,99.57241177
52,ลำปาง,5211,สบปราบ,10,0,0,0.75,17.89673134,99.33581604
52,ลำปาง,5212,ห้างฉัตร,10,0,0,0.5,18.34290034,99.27583162
52,ลำปาง,5213,เมืองปาน,10,0,0.25,0.5,18.79229084,99.45182172
53,อุตรดิตถ์,5301,เมืองอุตรดิตถ์,9,0,0,0,17.68298119,100.1905019
53,อุตรดิตถ์,5302,ตรอน,9,0,0,0,17.46788546,100.1337382
53,อุตรดิตถ์,5303,ท่าปลา,9,0.75,0,0,17.86782372,100.4761816
53,อุตรดิตถ์,5304,น้ำปาด,9,0.5,0,0,17.70404859,100.7286784
53,อุตรดิตถ์,5305,ฟากท่า,9,0,0,0,18.00436702,100.876607
53,อุตรดิตถ์,5306,บ้านโคก,9,0.5,0,0.5,18.13821844,101.0575289
53,อุตรดิตถ์,5307,พิชัย,9,0,0,0.5,17.29597511,100.1077136
53,อุตรดิตถ์,5308,ลับแล,9,0.5,0,0,17.66062154,100.0124721
53,อุตรดิตถ์,5309,ทองแสนขัน,9,0.75,0.5,0.75,17.49320689,100.3938873
54,แพร่,5401,เมืองแพร่,15,0,0.5,0.75,18.11489207,100.2461436
54,แพร่,5402,ร้องกวาง,15,0,0,0.75,18.33325996,100.3781986
54,แพร่,5403,ลอง,15,0.5,0.5,0.75,18.1322994,99.88730928
54,แพร่,5404,สูงเม่น,15,0,0.75,0.75,18.03778781,100.1236393
54,แพร่,5405,เด่นชัย,15,0.5,0.5,0.75,17.91977997,100.0190986
54,แพร่,5406,สอง,15,0,0,0,18.57775544,100.2143311
54,แพร่,5407,วังชิ้น,15,0.5,0,0.5,17.86325795,99.63739133
54,แพร่,5408,หนองม่วงไข่,15,0.5,0.5,0.75,18.29441546,100.1598527
55,น่าน,5501,เมืองน่าน,15,0,0.5,0.75,18.8856952,100.6647829
55,น่าน,5502,แม่จริม,15,0,0.75,0,18.71735875,101.1013376
55,น่าน,5503,บ้านหลวง,15,0.5,0.25,0,18.84547508,100.4449388
55,น่าน,5504,นาน้อย,15,0.5,0.5,0.75,18.32183329,100.7483616
55,น่าน,5505,ปัว,15,0,0.5,0.75,19.16533923,100.9933433
55,น่าน,5506,ท่าวังผา,15,0.25,0.75,0.5,19.12955777,100.7485988
55,น่าน,5507,เวียงสา,15,0.5,0.5,0,18.56599413,100.7069925
55,น่าน,5508,ทุ่งช้าง,15,0.5,0,0.5,19.46604059,100.9175978
55,น่าน,5509,เชียงกลาง,15,0.5,0.5,0,19.3018282,100.8902691
55,น่าน,5510,นาหมื่น,15,0.5,0.5,0,18.14126011,100.6294135
55,น่าน,5511,สันติสุข,15,0.5,0.25,0.5,18.91942711,100.9859799
55,น่าน,5512,บ่อเกลือ,15,0.5,0.5,0,19.10201802,101.1902658
55,น่าน,5513,สองแคว,15,0.25,0.5,0.5,19.40490837,100.6643633
55,น่าน,5514,ภูเพียง,15,0.5,0.75,0,18.78740604,100.8654439
55,น่าน,5515,เฉลิมพระเกียรติ,15,0.5,0.5,0,19.50635661,101.1323951
56,พะเยา,5601,เมืองพะเยา,15,0.5,0,0,19.15148452,99.8666169
56,พะเยา,5602,จุน,15,0.5,0.5,1,19.36774601,100.1434449
56,พะเยา,5603,เชียงคำ,15,0,0.5,0.75,19.47850782,100.3502211
56,พะเยา,5604,เชียงม่วน,15,0.5,0,0.75,18.93958372,100.2876478
56,พะเยา,5605,ดอกคำใต้,15,0.5,0.5,0.75,19.10263143,100.0563506
56,พะเยา,5606,ปง,15,0.5,0.5,0.5,19.18854497,100.3832916
56,พะเยา,5607,แม่ใจ,15,0.5,0,0,19.37983713,99.79767445
56,พะเยา,5608,ภูซาง,15,0.5,0,1,19.62786075,100.3653548
56,พะเยา,5609,ภูกามยาว,15,0.5,0,0.5,19.32030448,99.96769891
57,เชียงราย,5701,เมืองเชียงราย,15,0,0,0.75,19.91008374,99.78298739
57,เชียงราย,5702,เวียงชัย,15,0.5,0,0.75,19.86680735,99.99261382
57,เชียงราย,5703,เชียงของ,15,0.5,0,1,20.15172857,100.3435886
57,เชียงราย,5704,เทิง,15,0.5,0,0.75,19.69314799,100.1969008
57,เชียงราย,5705,พาน,15,0.5,0.5,1,19.55993179,99.7509624
57,เชียงราย,5706,ป่าแดด,15,0.5,0,0.75,19.50649367,99.97836852
57,เชียงราย,5707,แม่จัน,15,0.5,0,0,20.15488212,99.8205676
57,เชียงราย,5708,เชียงแสน,15,0.5,0,0.5,20.28021374,100.1417645
57,เชียงราย,5709,แม่สาย,15,0,0,0.75,20.364075,99.91153862
57,เชียงราย,5710,แม่สรวย,15,0.5,0,1,19.69315356,99.47448283
57,เชียงราย,5711,เวียงป่าเป้า,15,0,0.25,0.75,19.28480789,99.43591616
57,เชียงราย,5712,พญาเม็งราย,15,0.5,0.75,1,19.87882847,100.1532644
57,เชียงราย,5713,เวียงแก่น,15,0.5,0,0.5,20.00512281,100.4722591
57,เชียงราย,5714,ขุนตาล,15,0.5,0,0.5,19.87564137,100.2794727
57,เชียงราย,5715,แม่ฟ้าหลวง,15,0.5,0,0,20.25082562,99.65987242
57,เชียงราย,5716,แม่ลาว,15,0,0,0.75,19.77516866,99.69870089
57,เชียงราย,5717,เวียงเชียงรุ้ง,15,0.5,0,0.5,20.01684982,100.0592324
57,เชียงราย,5718,ดอยหลวง,15,0.5,0,0,20.13843174,100.1521709
58,แม่ฮ่องสอน,5801,เมืองแม่ฮ่องสอน,10,0,0.5,0,19.26485461,98.00508524
58,แม่ฮ่องสอน,5802,ขุนยวม,10,0.5,0.5,0,18.83169697,97.90245476
58,แม่ฮ่องสอน,5803,ปาย,10,0.75,0.5,0,19.3239319,98.4183477
58,แม่ฮ่องสอน,5804,แม่สะเรียง,10,0,0.5,0.75,18.28028575,97.78336638
58,แม่ฮ่องสอน,5805,แม่ลาน้อย,10,0,0,0,18.48076372,97.98240024
58,แม่ฮ่องสอน,5806,สบเมย,10,1,0,0,17.91366744,97.96454292
58,แม่ฮ่องสอน,5807,ปางมะผ้า,10,0,0,0,19.58447081,98.19631133
60,นครสวรรค์,6001,เมืองนครสวรรค์,8,0,0.5,0,15.71574315,100.1018505
60,นครสวรรค์,6002,โกรกพระ,8,0,0.5,0.5,15.58679211,100.0178496
60,นครสวรรค์,6003,ชุมแสง,8,0,0.5,0.75,15.84731281,100.2917248
60,นครสวรรค์,6004,หนองบัว,8,0.5,0.5,0,15.86522774,100.6234779
60,นครสวรรค์,6005,บรรพตพิสัย,8,0,0.5,0,15.99533014,99.9900796
60,นครสวรรค์,6006,เก้าเลี้ยว,8,0.5,0.5,0,15.8800472,100.0989314
60,นครสวรรค์,6007,ตาคลี,8,0.5,0,0.75,15.26021322,100.387388
60,นครสวรรค์,6008,ท่าตะโก,8,0.5,0.25,0,15.65605947,100.4540787
60,นครสวรรค์,6009,ไพศาลี,8,0.5,0,0.75,15.58685212,100.6794698
60,นครสวรรค์,6010,พยุหะคีรี,8,0,0.25,0.75,15.50460445,100.2101428
60,นครสวรรค์,6011,ลาดยาว,8,0.5,0.75,0.75,15.77234585,99.79557509
60,นครสวรรค์,6012,ตากฟ้า,8,0.5,0.5,0,15.3806531,100.4762737
60,นครสวรรค์,6013,แม่วงก์,8,0.5,0,0,15.83881174,99.40098913
60,นครสวรรค์,6014,แม่เปิน,8,0.5,0,0.5,15.68964667,99.38954479
60,นครสวรรค์,6015,ชุมตาบง,8,0.75,0.5,0.75,15.67905183,99.55464769
61,อุทัยธานี,6101,เมืองอุทัยธานี,16,0,0.5,0,15.39869705,100.0227878
61,อุทัยธานี,6102,ทัพทัน,16,0.75,0.5,0,15.49152026,99.82217716
61,อุทัยธานี,6103,สว่างอารมณ์,16,1,0.5,1,15.6034709,99.76163996
61,อุทัยธานี,6104,หนองฉาง,16,0.75,0.5,0.75,15.36915692,99.7675765
61,อุทัยธานี,6105,หนองขาหย่าง,16,0.75,0.75,0.5,15.34935492,99.94395126
61,อุทัยธานี,6106,บ้านไร่,16,0.5,0,0.5,15.2273449,99.33131135
61,อุทัยธานี,6107,ลานสัก,16,0.5,0.5,0.75,15.51477561,99.41430366
61,อุทัยธานี,6108,ห้วยคต,16,0.5,0.5,0.75,15.30252001,99.53035238
62,กำแพงเพชร,6201,เมืองกำแพงเพชร,8,0,0.5,0.75,16.42576055,99.50895778
62,กำแพงเพชร,6202,ไทรงาม,8,0,0,0,16.4430224,99.8616034
62,กำแพงเพชร,6203,คลองลาน,8,0,0,0.75,16.24983283,99.23062065
62,กำแพงเพชร,6204,ขาณุวรลักษบุรี,8,0,0.5,0.75,16.0157814,99.67108751
62,กำแพงเพชร,6205,คลองขลุง,8,0,0,0.75,16.22327255,99.68621505
62,กำแพงเพชร,6206,พรานกระต่าย,8,0,0,0.5,16.7103018,99.5515623
62,กำแพงเพชร,6207,ลานกระบือ,8,0,0,0.75,16.6021073,99.85734734
62,กำแพงเพชร,6208,ทรายทองวัฒนา,8,0,0.5,0.75,16.31308855,99.87174137
62,กำแพงเพชร,6209,ปางศิลาทอง,8,0.25,0.5,0,16.02729054,99.31186522
62,กำแพงเพชร,6210,บึงสามัคคี,8,0.5,0.5,0,16.22112666,99.96427102
62,กำแพงเพชร,6211,โกสัมพีนคร,8,0.5,0.5,0.75,16.57638495,99.28517173
63,ตาก,6301,เมืองตาก,8,0.5,0.5,0.5,16.89040211,99.16633445
63,ตาก,6302,บ้านตาก,8,0.5,0.25,0,17.10908923,99.07480446
63,ตาก,6303,สามเงา,8,0.5,0.25,0.5,17.40215446,98.804665
63,ตาก,6304,แม่ระมาด,8,0,0.5,0,17.07770336,98.61763447
63,ตาก,6305,ท่าสองยาง,8,0,0,0,17.48168074,98.12059519
63,ตาก,6306,แม่สอด,8,0.5,0.5,0,16.74911962,98.71122278
63,ตาก,6307,พบพระ,8,0,0.5,0.5,16.47515215,98.82149683
63,ตาก,6308,อุ้มผาง,8,0,0.75,1,15.79853882,98.87699861
63,ตาก,6309,วังเจ้า,8,0.75,0,0.75,16.62024636,99.12803271
64,สุโขทัย,6401,เมืองสุโขทัย,9,0.5,0.75,0.75,17.02475533,99.77551535
64,สุโขทัย,6402,บ้านด่านลานหอย,9,0.75,0.5,0.5,17.05943803,99.49111977
64,สุโขทัย,6403,คีรีมาศ,9,0.5,0.5,0,16.83359448,99.73480731
64,สุโขทัย,6404,กงไกรลาศ,9,0.75,0.75,0,16.9402389,99.97501951
64,สุโขทัย,6405,ศรีสัชนาลัย,9,0.5,0,0.5,17.60030789,99.70416991
64,สุโขทัย,6406,ศรีสำโรง,9,0,0.25,0.75,17.16338593,99.73972967
64,สุโขทัย,6407,สวรรคโลก,9,0.5,0.75,0,17.30148669,99.83491678
64,สุโขทัย,6408,ศรีนคร,9,0.25,0.5,0.5,17.38247003,99.96684823
64,สุโขทัย,6409,ทุ่งเสลี่ยม,9,0.5,0,0.75,17.35651482,99.5525338
65,พิษณุโลก,6501,เมืองพิษณุโลก,9,0,0,0,16.83730726,100.2846699
65,พิษณุโลก,6502,นครไทย,9,0,0,0,17.10477054,100.8649712
65,พิษณุโลก,6503,ชาติตระการ,9,0.5,0.25,0,17.39417574,100.6728
65,พิษณุโลก,6504,บางระกำ,9,0.25,0,0.5,16.72599738,100.0391623
65,พิษณุโลก,6505,บางกระทุ่ม,9,0,0,0,16.59643964,100.3493318
65,พิษณุโลก,6506,พรหมพิราม,9,0.25,0.5,0,17.07825451,100.159611
65,พิษณุโลก,6507,วัดโบสถ์,9,0.25,0.5,0.75,17.15714202,100.3658864
65,พิษณุโลก,6508,วังทอง,9,0,0.5,0,16.82220065,100.5774362
65,พิษณุโลก,6509,เนินมะปราง,9,0.5,0.25,0,16.58527985,100.7066884
66,พิจิตร,6601,เมืองพิจิตร,8,0,0.5,0,16.41081974,100.3670169
66,พิจิตร,6602,วังทรายพูน,8,0.5,0.25,0,16.37917887,100.5408202
66,พิจิตร,6603,โพธิ์ประทับช้าง,8,0,0.5,0.75,16.31625265,100.1807669
66,พิจิตร,6604,ตะพานหิน,8,0,0.5,0,16.20978477,100.4103644
66,พิจิตร,6605,บางมูลนาก,8,0.75,0.5,0,16.03244681,100.4269344
66,พิจิตร,6606,โพทะเล,8,0,0.75,0,16.06272426,100.2420076
66,พิจิตร,6607,สามง่าม,8,0.5,0.75,0.5,16.45041765,100.1420816
66,พิจิตร,6608,ทับคล้อ,8,0.5,0.5,0,16.19355922,100.5951948
66,พิจิตร,6609,สากเหล็ก,8,0.5,0.5,0.75,16.50599557,100.5083887
66,พิจิตร,6610,บึงนาราง,8,0.5,0.5,0.75,16.19079515,100.1328449
66,พิจิตร,6611,ดงเจริญ,8,0.5,0.75,0.5,16.0014019,100.6158416
66,พิจิตร,6612,วชิรบารมี,8,0,0.25,0,16.51870392,100.0973414
67,เพชรบูรณ์,6701,เมืองเพชรบูรณ์,9,0.5,0,0.75,16.38310749,101.1824078
67,เพชรบูรณ์,6702,ชนแดน,9,0.5,0,0.5,16.12465894,100.829027
67,เพชรบูรณ์,6703,หล่มสัก,9,0,0,0.75,16.72842643,101.3115245
67,เพชรบูรณ์,6704,หล่มเก่า,9,0,0,0,16.99178623,101.2774908
67,เพชรบูรณ์,6705,วิเชียรบุรี,9,0,0,0.5,15.65961464,101.0980613
67,เพชรบูรณ์,6706,ศรีเทพ,9,0.25,0.5,0,15.44182319,101.1371747
67,เพชรบูรณ์,6707,หนองไผ่,9,0.5,0,0.75,16.02172704,101.1375452
67,เพชรบูรณ์,6708,บึงสามพัน,9,0.5,0,0,15.82971199,101.0037554
67,เพชรบูรณ์,6709,น้ำหนาว,9,1,0.5,0,16.84580724,101.5892333
67,เพชรบูรณ์,6710,วังโป่ง,9,0,0.25,0.5,16.35081238,100.8057197
67,เพชรบูรณ์,6711,เขาค้อ,9,0,0,0,16.65429175,100.9886136
70,ราชบุรี,7001,เมืองราชบุรี,4,0,0,0.75,13.54209939,99.7670256
70,ราชบุรี,7002,จอมบึง,4,0,0,0.5,13.64011219,99.51932599
70,ราชบุรี,7003,สวนผึ้ง,4,0.5,0.5,0,13.55083453,99.29302104
70,ราชบุรี,7004,ดำเนินสะดวก,4,0,0,0,13.56878134,99.96768759
70,ราชบุรี,7005,บ้านโป่ง,4,0,0,0,13.82003441,99.82509073
70,ราชบุรี,7006,บางแพ,4,0,0,0,13.67946191,99.97815827
70,ราชบุรี,7007,โพธาราม,4,0,0,0,13.71029757,99.75277003
70,ราชบุรี,7008,ปากท่อ,4,0,0.25,0.5,13.3644689,99.65808038
70,ราชบุรี,7009,วัดเพลง,4,0,0,0,13.45002408,99.86453146
70,ราชบุรี,7010,บ้านคา,4,0.5,0.5,0.5,13.32166806,99.38664128
71,กาญจนบุรี,7101,เมืองกาญจนบุรี,2,0,0,0,14.07304601,99.32985614
71,กาญจนบุรี,7102,ไทรโยค,2,0,0,0,14.26044991,98.92423296
71,กาญจนบุรี,7103,บ่อพลอย,2,0,0.25,0.75,14.40488436,99.4403441
71,กาญจนบุรี,7104,ศรีสวัสดิ์,2,0.5,0,0,14.66786897,99.12183233
71,กาญจนบุรี,7105,ท่ามะกา,2,0,0,0,13.94568081,99.77772795
71,กาญจนบุรี,7106,ท่าม่วง,2,0,0.75,0.75,13.91768071,99.60297099
71,กาญจนบุรี,7107,ทองผาภูมิ,2,0,0,0,14.83220714,98.69002529
71,กาญจนบุรี,7108,สังขละบุรี,2,0.5,0.75,0,15.19847674,98.52558818
71,กาญจนบุรี,7109,พนมทวน,2,0,0,0,14.15772106,99.68544345
71,กาญจนบุรี,7110,เลาขวัญ,2,0.5,0,0.5,14.59790791,99.68988282
71,กาญจนบุรี,7111,ด่านมะขามเตี้ย,2,0,0.5,0.75,13.83945519,99.32553736
71,กาญจนบุรี,7112,หนองปรือ,2,0.5,0.5,0.75,14.67495354,99.41684466
71,กาญจนบุรี,7113,ห้วยกระเจา,2,0.5,0.25,0,14.34104758,99.67479287
72,สุพรรณบุรี,7201,เมืองสุพรรณบุรี,2,0,0,0,14.48976325,100.0666848
72,สุพรรณบุรี,7202,เดิมบางนางบวช,2,0.75,0.5,0,14.877084,100.0309527
72,สุพรรณบุรี,7203,ด่านช้าง,2,0.5,0,0.5,14.88318683,99.50858404
72,สุพรรณบุรี,7204,บางปลาม้า,2,0,0.5,0,14.35248666,100.1469191
72,สุพรรณบุรี,7205,ศรีประจันต์,2,0,0,0.5,14.63214496,100.1485304
72,สุพรรณบุรี,7206,ดอนเจดีย์,2,0.5,0,0.75,14.64737066,99.94110777
72,สุพรรณบุรี,7207,สองพี่น้อง,2,0,0.5,0,14.19400752,99.9899912
72,สุพรรณบุรี,7208,สามชุก,2,0,0,0.5,14.75602729,100.0653138
72,สุพรรณบุรี,7209,อู่ทอง,2,1,0.75,1,14.41420894,99.8855082
72,สุพรรณบุรี,7210,หนองหญ้าไซ,2,0.5,0,0,14.78185585,99.85416125
73,นครปฐม,7301,เมืองนครปฐม,1,0,0,0,13.8202692,100.0203509
73,นครปฐม,7302,กำแพงแสน,1,0,0,0,14.03096774,99.96180643
73,นครปฐม,7303,นครชัยศรี,1,0,0.25,0,13.82161722,100.1788345
73,นครปฐม,7304,ดอนตูม,1,0,0.25,0,13.94942441,100.0923871
73,นครปฐม,7305,บางเลน,1,0,0.5,0,14.04721758,100.1860273
73,นครปฐม,7306,สามพราน,1,0,0.5,0,13.72386569,100.2163611
73,นครปฐม,7307,พุทธมณฑล,1,0,0.5,0,13.83071984,100.2875463
74,สมุทรสาคร,7401,เมืองสมุทรสาคร,1,0,0,0,13.53087566,100.2520485
74,สมุทรสาคร,7402,กระทุ่มแบน,1,0,0.5,0,13.65892532,100.2730576
74,สมุทรสาคร,7403,บ้านแพ้ว,1,0,0,0,13.58991199,100.1174482
75,สมุทรสงคราม,7501,เมืองสมุทรสงคราม,4,0,0,0,13.3988463,99.99841743
75,สมุทรสงคราม,7502,บางคนที,4,0,0,0,13.47665572,99.94879498
75,สมุทรสงคราม,7503,อัมพวา,4,0,0,0,13.36358706,99.90876898
76,เพชรบุรี,7601,เมืองเพชรบุรี,4,0,0,0,13.08159125,99.96929727
76,เพชรบุรี,7602,เขาย้อย,4,0,0.25,0,13.24388116,99.80467358
76,เพชรบุรี,7603,หนองหญ้าปล้อง,4,0,0.5,0.5,13.12832936,99.47446479
76,เพชรบุรี,7604,ชะอำ,4,0,0.5,0,12.757874,99.90046189
76,เพชรบุรี,7605,ท่ายาง,4,0,0,0,12.81667007,99.79052386
76,เพชรบุรี,7606,บ้านลาด,4,0,0.5,0,13.04690338,99.85010506
76,เพชรบุรี,7607,บ้านแหลม,4,0,0,0,13.17605629,99.98377985
76,เพชรบุรี,7608,แก่งกระจาน,4,0.5,0.5,1,12.85956279,99.46380495
77,ประจวบคีรีขันธ์,7701,เมืองประจวบคีรีขันธ์,4,0.5,0.5,0,11.87330039,99.72041113
77,ประจวบคีรีขันธ์,7702,กุยบุรี,4,0,0.5,0.75,12.11309597,99.73676482
77,ประจวบคีรีขันธ์,7703,ทับสะแก,4,0.75,0,0,11.54592561,99.56458589
77,ประจวบคีรีขันธ์,7704,บางสะพาน,4,0,0.75,0.5,11.29041283,99.44477
77,ประจวบคีรีขันธ์,7705,บางสะพานน้อย,4,0.5,0.75,0,11.06472364,99.33633156
77,ประจวบคีรีขันธ์,7706,ปราณบุรี,4,0.5,0.75,0,12.39186327,99.73073817
77,ประจวบคีรีขันธ์,7707,หัวหิน,4,0,0.25,0,12.51529869,99.70488332
77,ประจวบคีรีขันธ์,7708,สามร้อยยอด,4,0.5,0.75,0.75,12.2600323,99.72721119
80,นครศรีธรรมราช,8001,เมืองนครศรีธรรมราช,11,0.5,1,0.5,8.434096886,99.97162196
80,นครศรีธรรมราช,8002,พรหมคีรี,11,0,0.75,0.75,8.546125959,99.80710779
80,นครศรีธรรมราช,8003,ลานสกา,11,0,0.5,0.5,8.376898392,99.77579017
80,นครศรีธรรมราช,8004,ฉวาง,11,0.75,1,0.5,8.479255036,99.52959711
80,นครศรีธรรมราช,8005,พิปูน,11,0.5,0.75,0.5,8.59765749,99.59993226
80,นครศรีธรรมราช,8006,เชียรใหญ่,11,0.5,0.5,0.5,8.121041109,100.1521649
80,นครศรีธรรมราช,8007,ชะอวด,11,0,1,0.25,7.957729877,99.98439428
80,นครศรีธรรมราช,8008,ท่าศาลา,11,0,0.75,0.5,8.699890539,99.87921693
80,นครศรีธรรมราช,8009,ทุ่งสง,11,0,1,0.5,8.114800998,99.6562559
80,นครศรีธรรมราช,8010,นาบอน,11,0.75,0.75,0,8.27073032,99.55253514
80,นครศรีธรรมราช,8011,ทุ่งใหญ่,11,0.25,0.5,0.5,8.291603293,99.37275351
80,นครศรีธรรมราช,8012,ปากพนัง,11,0,0.5,0.5,8.310201516,100.1675503
80,นครศรีธรรมราช,8013,ร่อนพิบูลย์,11,0,0.75,0.25,8.195982071,99.88659742
80,นครศรีธรรมราช,8014,สิชล,11,0,0.75,0.5,8.948993581,99.80888316
80,นครศรีธรรมราช,8015,ขนอม,11,0,0.5,0.75,9.190588347,99.80822339
80,นครศรีธรรมราช,8016,หัวไทร,11,0.75,0.5,0.5,8.009483148,100.2440393
80,นครศรีธรรมราช,8017,บางขัน,11,0.75,0.75,1,8.004481744,99.47958591
80,นครศรีธรรมราช,8018,ถ้ำพรรณรา,11,0.25,1,0.75,8.461059414,99.38134082
80,นครศรีธรรมราช,8019,จุฬาภรณ์,11,0.25,0.75,0.5,8.074525046,99.86274376
80,นครศรีธรรมราช,8020,พระพรหม,11,0.25,0.75,0.5,8.324278448,99.9354052
80,นครศรีธรรมราช,8021,นบพิตำ,11,0,0.75,0.25,8.755292892,99.6760782
80,นครศรีธรรมราช,8022,ช้างกลาง,11,0.5,1,0.5,8.355369109,99.62907464
80,นครศรีธรรมราช,8023,เฉลิมพระเกียรติ,11,0.75,0.5,0.25,8.175323603,100.0380789
81,กระบี่,8101,เมืองกระบี่,18,0,0,0,8.138466406,98.84825556
81,กระบี่,8102,เขาพนม,18,0,0.25,0.5,8.273217633,99.1202638
81,กระบี่,8103,เกาะลันตา,18,0,0.5,1,7.680855759,99.07544143
81,กระบี่,8104,คลองท่อม,18,0.5,0,0.75,7.901380925,99.19993469
81,กระบี่,8105,อ่าวลึก,18,0,0,0,8.364084289,98.74996792
81,กระบี่,8106,ปลายพระยา,18,0,0.5,0,8.54766171,98.83108192
81,กระบี่,8107,ลำทับ,18,0,0.5,0.75,8.045517675,99.33469483
81,กระบี่,8108,เหนือคลอง,18,0.5,0,0.75,8.031910668,99.03696694
82,พังงา,8201,เมืองพังงา,18,0,0,0,8.467282723,98.51375611
82,พังงา,8202,เกาะยาว,18,0,0,0.75,8.002954113,98.5895173
82,พังงา,8203,กะปง,18,0.5,0.5,0.5,8.739943179,98.46592713
82,พังงา,8204,ตะกั่วทุ่ง,18,0,0.5,0.75,8.26858422,98.41238067
82,พังงา,8205,ตะกั่วป่า,18,0.5,0.5,0.75,8.844619488,98.3260869
82,พังงา,8206,คุระบุรี,18,0,0,1,9.165178899,98.36999235
82,พังงา,8207,ทับปุด,18,0,0.25,0.75,8.531223317,98.63154398
82,พังงา,8208,ท้ายเหมือง,18,0,0.5,0.75,8.494851342,98.29806025
83,ภูเก็ต,8301,เมืองภูเก็ต,18,0,0,0,7.854641624,98.35987415
83,ภูเก็ต,8302,กะทู้,18,0,0,0,7.917455085,98.31394817
83,ภูเก็ต,8303,ถลาง,18,0.5,0,0.5,8.053800033,98.34526937
84,สุราษฎร์ธานี,8401,เมืองสุราษฎร์ธานี,11,0,0.75,0,9.099690808,99.32488964
84,สุราษฎร์ธานี,8402,กาญจนดิษฐ์,11,0,0.75,0,9.07233964,99.54367433
84,สุราษฎร์ธานี,8403,ดอนสัก,11,0,0.25,0,9.202770329,99.69054863
84,สุราษฎร์ธานี,8404,เกาะสมุย,11,0.5,0.5,0.75,9.505746856,99.95603933
84,สุราษฎร์ธานี,8405,เกาะพะงัน,11,0.5,0.5,0.5,9.790253182,100.0004268
84,สุราษฎร์ธานี,8406,ไชยา,11,0,0.75,0.5,9.442099298,99.0673068
84,สุราษฎร์ธานี,8407,ท่าชนะ,11,0,0.5,0,9.601052219,98.99205854
84,สุราษฎร์ธานี,8408,คีรีรัฐนิคม,11,0.5,0.75,0,9.012263838,98.93207986
84,สุราษฎร์ธานี,8409,บ้านตาขุน,11,0,0.5,0,9.098665001,98.66647513
84,สุราษฎร์ธานี,8410,พนม,11,0,0.75,0,8.80307164,98.70087972
84,สุราษฎร์ธานี,8411,ท่าฉาง,11,0,0.5,0.5,9.343366543,98.94408196
84,สุราษฎร์ธานี,8412,บ้านนาสาร,11,0.5,0.75,0.5,8.813375211,99.40252083
84,สุราษฎร์ธานี,8413,บ้านนาเดิม,11,0,0.5,0.5,8.899311142,99.27279199
84,สุราษฎร์ธานี,8414,เคียนซา,11,0,0.75,0.5,8.742080307,99.11527831
84,สุราษฎร์ธานี,8415,เวียงสระ,11,0,0.75,0,8.600224986,99.35691611
84,สุราษฎร์ธานี,8416,พระแสง,11,0,0.5,0,8.555195378,99.11656798
84,สุราษฎร์ธานี,8417,พุนพิน,11,0,0.5,0,9.028678999,99.1440599
84,สุราษฎร์ธานี,8418,ชัยบุรี,11,0.5,0.75,0,8.451506643,99.07088421
84,สุราษฎร์ธานี,8419,วิภาวดี,11,0.5,0.5,0,9.242512839,98.84613453
85,ระนอง,8501,เมืองระนอง,18,0,0.5,0.75,9.874954976,98.61098416
85,ระนอง,8502,ละอุ่น,18,0.5,1,0.75,10.08163955,98.78149693
85,ระนอง,8503,กะเปอร์,18,1,0.5,0.5,9.564682366,98.61977284
85,ระนอง,8504,กระบุรี,18,0,0.5,0.5,10.4620236,98.84634148
85,ระนอง,8505,สุขสำราญ,18,0,0,0.5,9.415107574,98.52082306
86,ชุมพร,8601,เมืองชุมพร,11,0,0,0,10.46181168,99.10178999
86,ชุมพร,8602,ท่าแซะ,11,0,0.5,0,10.77092456,99.09490674
86,ชุมพร,8603,ปะทิว,11,0,0.5,0,10.81152502,99.33956861
86,ชุมพร,8604,หลังสวน,11,0,0.75,0,9.939682495,99.04588833
86,ชุมพร,8605,ละแม,11,0.25,0.25,0.5,9.757218085,99.02191965
86,ชุมพร,8606,พะโต๊ะ,11,0,0.5,0.5,9.813094934,98.79916976
86,ชุมพร,8607,สวี,11,0,0.5,0.75,10.23987832,99.01701357
86,ชุมพร,8608,ทุ่งตะโก,11,0.25,0.75,0,10.09168363,99.04963843
90,สงขลา,9001,เมืองสงขลา,12,0,0.25,0,7.120726816,100.5981934
90,สงขลา,9002,สทิงพระ,12,0,1,0,7.485357066,100.4110436
90,สงขลา,9003,จะนะ,12,0,0.5,0,6.897322922,100.7035563
90,สงขลา,9004,นาทวี,12,0,0,0,6.63979585,100.675742
90,สงขลา,9005,เทพา,12,0,0.25,0.75,6.788930748,100.9098725
90,สงขลา,9006,สะบ้าย้อย,12,0,0.5,0.5,6.52957582,100.9088349
90,สงขลา,9007,ระโนด,12,0.5,1,0.75,7.792332865,100.2945869
90,สงขลา,9008,กระแสสินธุ์,12,0,1,0.5,7.609671563,100.2946204
90,สงขลา,9009,รัตภูมิ,12,0,0.75,0,7.076537782,100.1950556
90,สงขลา,9010,สะเดา,12,0,0,0,6.672937682,100.429548
90,สงขลา,9011,หาดใหญ่,12,0,0,0,6.97167183,100.4252255
90,สงขลา,9012,นาหม่อม,12,0,0.75,0.5,6.95054948,100.5682546
90,สงขลา,9013,ควนเนียง,12,0,1,0,7.18520007,100.385604
90,สงขลา,9014,บางกล่ำ,12,0,0,0,7.062815134,100.4023962
90,สงขลา,9015,สิงหนคร,12,0,1,0.5,7.267864942,100.4886678
90,สงขลา,9016,คลองหอยโข่ง,12,0,0.75,0,6.857410588,100.3410518
91,สตูล,9101,เมืองสตูล,12,0,0,1,6.622636476,99.9178596
91,สตูล,9102,ควนโดน,12,0.5,1,0.75,6.770811838,100.1198967
91,สตูล,9103,ควนกาหลง,12,0.5,0.75,1,6.920244263,100.0513034
91,สตูล,9104,ท่าแพ,12,1,0.75,1,6.798809484,99.91627703
91,สตูล,9105,ละงู,12,0,0.25,0.5,6.915073734,99.79459131
91,สตูล,9106,ทุ่งหว้า,12,0.75,0.75,0.75,7.081857664,99.82930409
91,สตูล,9107,มะนัง,12,0.5,0.5,0.5,7.00509145,99.93072697
92,ตรัง,9201,เมืองตรัง,18,0,0,0,7.609499889,99.61945873
92,ตรัง,9202,กันตัง,18,1,0,1,7.399857265,99.48004335
92,ตรัง,9203,ย่านตาขาว,18,0.75,0.5,0.75,7.423145196,99.738269
92,ตรัง,9204,ปะเหลียน,18,0,0,1,7.252991982,99.76683349
92,ตรัง,9205,สิเกา,18,1,0,0.75,7.599991573,99.35645757
92,ตรัง,9206,ห้วยยอด,18,0,0,0,7.791394368,99.60647302
92,ตรัง,9207,วังวิเศษ,18,0.75,0,0.5,7.747645637,99.41304393
92,ตรัง,9208,นาโยง,18,0.5,0.75,1,7.559404184,99.74428357
92,ตรัง,9209,รัษฎา,18,0.5,1,0.75,7.938961823,99.66547407
92,ตรัง,9210,หาดสำราญ,18,0,0,1,7.236755312,99.58320935
93,พัทลุง,9301,เมืองพัทลุง,11,0,0.75,0.5,7.615485515,100.1033825
93,พัทลุง,9302,กงหรา,11,0,1,1,7.424011344,99.95041993
93,พัทลุง,9303,เขาชัยสน,11,0,0.5,0,7.477448772,100.1280127
93,พัทลุง,9304,ตะโหมด,11,0,0.75,0,7.285228619,100.0322814
93,พัทลุง,9305,ควนขนุน,11,0,1,0.25,7.764343811,100.0598723
93,พัทลุง,9306,ปากพะยูน,11,0,0.75,0,7.369580269,100.3182585
93,พัทลุง,9307,ศรีบรรพต,11,0.75,0.75,0.75,7.687473051,99.86403246
93,พัทลุง,9308,ป่าบอน,11,0.5,0.5,0.75,7.231607307,100.1354023
93,พัทลุง,9309,บางแก้ว,11,0.5,1,0.75,7.425323433,100.1882327
93,พัทลุง,9310,ป่าพะยอม,11,0.5,1,0,7.825696936,99.86357109
93,พัทลุง,9311,ศรีนครินทร์,11,0,0.5,0.5,7.563007771,99.90371797
94,ปัตตานี,9401,เมืองปัตตานี,12,0,0.5,0.75,6.852292971,101.2632212
94,ปัตตานี,9402,โคกโพธิ์,12,0,0.75,0,6.701079603,101.1232424
94,ปัตตานี,9403,หนองจิก,12,0,0.75,0,6.801774511,101.163963
94,ปัตตานี,9404,ปะนาเระ,12,0,0.5,0.75,6.807234193,101.5155906
94,ปัตตานี,9405,มายอ,12,0,0.75,0.75,6.706606536,101.4001522
94,ปัตตานี,9406,ทุ่งยางแดง,12,0,0.75,0.75,6.638632932,101.4507014
94,ปัตตานี,9407,สายบุรี,12,0,0.75,1,6.697356993,101.5781485
94,ปัตตานี,9408,ไม้แก่น,12,0,0.75,1,6.614591449,101.6745967
94,ปัตตานี,9409,ยะหริ่ง,12,0,0.5,0.75,6.835421069,101.3905027
94,ปัตตานี,9410,ยะรัง,12,0,0.75,0,6.69795584,101.3118306
94,ปัตตานี,9411,กะพ้อ,12,0,0.75,0,6.607479102,101.5411403
94,ปัตตานี,9412,แม่ลาน,12,0,0,0.75,6.671255588,101.2327702
95,ยะลา,9501,เมืองยะลา,12,0,0,0,6.552930775,101.2405452
95,ยะลา,9502,เบตง,12,0,0,0,5.862213511,101.2289871
95,ยะลา,9503,บันนังสตา,12,0,0.5,0,6.246301758,101.2780077
95,ยะลา,9504,ธารโต,12,0,0,0,6.073760397,101.2550614
95,ยะลา,9505,ยะหา,12,0,0.5,0.75,6.423283894,101.1275462
95,ยะลา,9506,รามัน,12,0,0.5,0.5,6.490219473,101.4328823
95,ยะลา,9507,กาบัง,12,0,0,0,6.351143069,100.9852987
95,ยะลา,9508,กรงปินัง,12,0,0.75,1,6.396342427,101.2463908
96,นราธิวาส,9601,เมืองนราธิวาส,12,0,0.5,0.75,6.395418086,101.8131938
96,นราธิวาส,9602,ตากใบ,12,0,0.5,0,6.238790678,101.9994932
96,นราธิวาส,9603,บาเจาะ,12,0,0.75,0.25,6.545859782,101.6477709
96,นราธิวาส,9604,ยี่งอ,12,0.25,1,0.5,6.417204983,101.6997643
96,นราธิวาส,9605,ระแงะ,12,0,1,0,6.246946964,101.7079949
96,นราธิวาส,9606,รือเสาะ,12,0,1,0,6.378400874,101.5170561
96,นราธิวาส,9607,ศรีสาคร,12,0.25,0.75,1,6.188396512,101.5134268
96,นราธิวาส,9608,แว้ง,12,0,1,1,5.898208112,101.8664066
96,นราธิวาส,9609,สุคิริน,12,0,1,0,5.911400236,101.7362418
96,นราธิวาส,9610,สุไหงโก-ลก,12,0,1,0,6.078707267,101.9927258
96,นราธิวาส,9611,สุไหงปาดี,12,0,0.75,0.75,6.103711548,101.8913514
96,นราธิวาส,9612,จะแนะ,12,0,1,1,6.038524691,101.6119562
96,นราธิวาส,9613,เจาะไอร้อง,12,0,0.75,0,6.227002902,101.8405774
