,type,year,n_occurence,latitude,longitude
0,wind,2018,0.0,8.140298895036075,99.00755702760951
1,wind,2018,0.0,13.77135268917555,100.62255159880364
2,wind,2018,1.0,14.584208913291382,99.04779096470659
3,wind,2018,0.0,16.628164040387258,103.62182640580903
4,wind,2018,0.0,16.33105872411372,99.53466805561666
5,wind,2018,0.0,16.408745747827354,102.57856193774448
6,wind,2018,0.0,12.880818769665028,102.12986786038938
7,wind,2018,0.0,13.606466039221752,101.42540643119744
8,wind,2018,0.0,13.191300740006616,101.20278324690055
9,wind,2018,1.0,15.132705653972614,100.02786698637202
10,wind,2018,0.0,16.031557903013717,101.81742252833277
11,wind,2018,0.0,10.344708845012159,99.06143147023039
12,wind,2018,0.0,19.847269103706772,99.86586681445178
13,wind,2018,0.0,18.791867107775744,98.72762693448183
14,wind,2018,0.0,7.543508589393405,99.59484764255927
15,wind,2018,1.0,12.317119845801914,102.52079304247948
16,wind,2018,0.0,16.718468679984028,98.79318727875791
17,wind,2018,0.0,14.217167803628412,101.171132665719
18,wind,2018,0.0,13.924332563341029,100.10272840546162
19,wind,2018,0.0,17.38407259745835,104.4287771286261
20,wind,2018,0.0,14.956615121373286,102.10972846561535
21,wind,2018,0.0,8.37892299084666,99.78690640086293
22,wind,2018,0.0,15.683490480600515,100.14978275045216
23,wind,2018,0.0,13.924451724123463,100.39243839381135
24,wind,2018,0.0,6.177827875912442,101.71865000855404
25,wind,2018,0.0,18.853269803023007,100.83531950086387
26,wind,2018,0.0,18.148898341471345,103.71017348884088
27,wind,2018,0.0,14.821269437382593,102.95713074821138
28,wind,2018,0.0,14.064938393109594,100.6818142756639
29,wind,2018,3.0,11.947079897799647,99.63511084306548
30,wind,2018,0.0,14.047941646863944,101.64804994467164
31,wind,2018,0.0,6.7306447617597325,101.34970204972382
32,wind,2018,0.0,14.345026596381558,100.52700388605878
33,wind,2018,0.0,19.234380522196133,100.19126680865371
34,wind,2018,0.0,8.562717029111814,98.4456029963924
35,wind,2018,0.0,7.516150762363705,100.0699438228184
36,wind,2018,0.0,16.25959708403817,100.34298441645052
37,wind,2018,0.0,16.98273920593606,100.54290826267558
38,wind,2018,0.0,12.947210693767495,99.6186891238277
39,wind,2018,0.0,16.27822335357501,101.14644874314673
40,wind,2018,0.0,18.19972533864006,100.0647085848686
41,wind,2018,0.0,7.9677941282734945,98.3455186308224
42,wind,2018,0.0,15.999670299999616,103.16549513488901
43,wind,2018,0.0,16.561721594099605,104.51731670864125
44,wind,2018,0.0,18.809845954652083,98.03011575670982
45,wind,2018,0.0,15.895196638032777,104.33849969789593
46,wind,2018,0.0,6.190695545773283,101.22803529551352
47,wind,2018,0.0,15.91959436972968,103.81326531234367
48,wind,2018,1.0,9.970275521153308,98.69884066401633
49,wind,2018,1.0,12.85332640426575,101.4283817096038
50,wind,2018,0.0,13.534766555161525,99.57781452079249
51,wind,2018,1.0,15.10936558157887,100.90762857839357
52,wind,2018,0.0,18.327227993569277,99.51228517238835
53,wind,2018,0.0,18.119023704567674,98.95469129141706
54,wind,2018,0.0,17.40861437092707,101.63512316909184
55,wind,2018,0.0,14.856420712750177,104.3685022115422
56,wind,2018,0.0,17.390085106732556,103.8242578170639
57,wind,2018,2.0,6.934366554128039,100.54542980741354
58,wind,2018,0.0,6.834110236997786,99.92719323524825
59,wind,2018,0.0,13.596895562151218,100.70908693621145
60,wind,2018,0.0,13.396815749013593,99.95329467939018
61,wind,2018,0.0,13.568971154314582,100.21226681824847
62,wind,2018,0.0,13.788581390999266,102.32193777518117
63,wind,2018,1.0,14.628211466686377,101.01735220705412
64,wind,2018,0.0,14.91234927057466,100.34718808134686
65,wind,2018,0.0,17.26353048873597,99.71103982379896
66,wind,2018,0.0,14.609337189970104,99.89156811543974
67,wind,2018,0.0,9.05251233269446,99.0903409109556
68,wind,2018,0.0,14.885973703091247,103.65530213757863
69,wind,2018,0.0,17.940311284134868,102.83336441440757
70,wind,2018,0.0,17.182328108290772,102.30194495447448
71,wind,2018,0.0,14.62405094492467,100.34808555407614
72,wind,2018,0.0,15.892596932460895,104.74132504669909
73,wind,2018,0.0,17.425144758296685,102.86318145309605
74,wind,2018,1.0,17.750871987430397,100.51784029868186
75,wind,2018,0.0,15.349611260851342,99.47777169507522
76,wind,2018,0.0,15.184055573964745,105.11087856130486
77,wind,2019,1.0,8.140298895036075,99.00755702760951
78,wind,2019,0.0,13.77135268917555,100.62255159880364
79,wind,2019,0.0,14.584208913291382,99.04779096470659
80,wind,2019,1.0,16.628164040387258,103.62182640580903
81,wind,2019,6.0,16.33105872411372,99.53466805561666
82,wind,2019,12.0,16.408745747827354,102.57856193774448
83,wind,2019,0.0,12.880818769665028,102.12986786038938
84,wind,2019,0.0,13.606466039221752,101.42540643119744
85,wind,2019,0.0,13.191300740006616,101.20278324690055
86,wind,2019,0.0,15.132705653972614,100.02786698637202
87,wind,2019,0.0,16.031557903013717,101.81742252833277
88,wind,2019,2.0,10.344708845012159,99.06143147023039
89,wind,2019,2.0,19.847269103706772,99.86586681445178
90,wind,2019,1.0,18.791867107775744,98.72762693448183
91,wind,2019,0.0,7.543508589393405,99.59484764255927
92,wind,2019,2.0,12.317119845801914,102.52079304247948
93,wind,2019,2.0,16.718468679984028,98.79318727875791
94,wind,2019,0.0,14.217167803628412,101.171132665719
95,wind,2019,0.0,13.924332563341029,100.10272840546162
96,wind,2019,6.0,17.38407259745835,104.4287771286261
97,wind,2019,3.0,14.956615121373286,102.10972846561535
98,wind,2019,0.0,8.37892299084666,99.78690640086293
99,wind,2019,4.0,15.683490480600515,100.14978275045216
100,wind,2019,0.0,13.924451724123463,100.39243839381135
101,wind,2019,1.0,6.177827875912442,101.71865000855404
102,wind,2019,4.0,18.853269803023007,100.83531950086387
103,wind,2019,0.0,18.148898341471345,103.71017348884088
104,wind,2019,3.0,14.821269437382593,102.95713074821138
105,wind,2019,2.0,14.064938393109594,100.6818142756639
106,wind,2019,0.0,11.947079897799647,99.63511084306548
107,wind,2019,1.0,14.047941646863944,101.64804994467164
108,wind,2019,0.0,6.7306447617597325,101.34970204972382
109,wind,2019,0.0,14.345026596381558,100.52700388605878
110,wind,2019,1.0,19.234380522196133,100.19126680865371
111,wind,2019,1.0,8.562717029111814,98.4456029963924
112,wind,2019,0.0,7.516150762363705,100.0699438228184
113,wind,2019,4.0,16.25959708403817,100.34298441645052
114,wind,2019,8.0,16.98273920593606,100.54290826267558
115,wind,2019,0.0,12.947210693767495,99.6186891238277
116,wind,2019,4.0,16.27822335357501,101.14644874314673
117,wind,2019,7.0,18.19972533864006,100.0647085848686
118,wind,2019,0.0,7.9677941282734945,98.3455186308224
119,wind,2019,1.0,15.999670299999616,103.16549513488901
120,wind,2019,0.0,16.561721594099605,104.51731670864125
121,wind,2019,2.0,18.809845954652083,98.03011575670982
122,wind,2019,0.0,15.895196638032777,104.33849969789593
123,wind,2019,0.0,6.190695545773283,101.22803529551352
124,wind,2019,4.0,15.91959436972968,103.81326531234367
125,wind,2019,1.0,9.970275521153308,98.69884066401633
126,wind,2019,0.0,12.85332640426575,101.4283817096038
127,wind,2019,0.0,13.534766555161525,99.57781452079249
128,wind,2019,6.0,15.10936558157887,100.90762857839357
129,wind,2019,4.0,18.327227993569277,99.51228517238835
130,wind,2019,0.0,18.119023704567674,98.95469129141706
131,wind,2019,4.0,17.40861437092707,101.63512316909184
132,wind,2019,3.0,14.856420712750177,104.3685022115422
133,wind,2019,0.0,17.390085106732556,103.8242578170639
134,wind,2019,0.0,6.934366554128039,100.54542980741354
135,wind,2019,0.0,6.834110236997786,99.92719323524825
136,wind,2019,0.0,13.596895562151218,100.70908693621145
137,wind,2019,1.0,13.396815749013593,99.95329467939018
138,wind,2019,0.0,13.568971154314582,100.21226681824847
139,wind,2019,2.0,13.788581390999266,102.32193777518117
140,wind,2019,1.0,14.628211466686377,101.01735220705412
141,wind,2019,0.0,14.91234927057466,100.34718808134686
142,wind,2019,2.0,17.26353048873597,99.71103982379896
143,wind,2019,1.0,14.609337189970104,99.89156811543974
144,wind,2019,4.0,9.05251233269446,99.0903409109556
145,wind,2019,2.0,14.885973703091247,103.65530213757863
146,wind,2019,4.0,17.940311284134868,102.83336441440757
147,wind,2019,6.0,17.182328108290772,102.30194495447448
148,wind,2019,0.0,14.62405094492467,100.34808555407614
149,wind,2019,4.0,15.892596932460895,104.74132504669909
150,wind,2019,5.0,17.425144758296685,102.86318145309605
151,wind,2019,2.0,17.750871987430397,100.51784029868186
152,wind,2019,3.0,15.349611260851342,99.47777169507522
153,wind,2019,4.0,15.184055573964745,105.11087856130486
154,wind,2020,0.0,8.140298895036075,99.00755702760951
155,wind,2020,1.0,13.77135268917555,100.62255159880364
156,wind,2020,1.0,14.584208913291382,99.04779096470659
157,wind,2020,2.0,16.628164040387258,103.62182640580903
158,wind,2020,1.0,16.33105872411372,99.53466805561666
159,wind,2020,12.0,16.408745747827354,102.57856193774448
160,wind,2020,1.0,12.880818769665028,102.12986786038938
161,wind,2020,1.0,13.606466039221752,101.42540643119744
162,wind,2020,3.0,13.191300740006616,101.20278324690055
163,wind,2020,0.0,15.132705653972614,100.02786698637202
164,wind,2020,0.0,16.031557903013717,101.81742252833277
165,wind,2020,0.0,10.344708845012159,99.06143147023039
166,wind,2020,1.0,19.847269103706772,99.86586681445178
167,wind,2020,7.0,18.791867107775744,98.72762693448183
168,wind,2020,0.0,7.543508589393405,99.59484764255927
169,wind,2020,0.0,12.317119845801914,102.52079304247948
170,wind,2020,1.0,16.718468679984028,98.79318727875791
171,wind,2020,0.0,14.217167803628412,101.171132665719
172,wind,2020,1.0,13.924332563341029,100.10272840546162
173,wind,2020,4.0,17.38407259745835,104.4287771286261
174,wind,2020,5.0,14.956615121373286,102.10972846561535
175,wind,2020,2.0,8.37892299084666,99.78690640086293
176,wind,2020,0.0,15.683490480600515,100.14978275045216
177,wind,2020,0.0,13.924451724123463,100.39243839381135
178,wind,2020,0.0,6.177827875912442,101.71865000855404
179,wind,2020,14.0,18.853269803023007,100.83531950086387
180,wind,2020,1.0,18.148898341471345,103.71017348884088
181,wind,2020,0.0,14.821269437382593,102.95713074821138
182,wind,2020,0.0,14.064938393109594,100.6818142756639
183,wind,2020,0.0,11.947079897799647,99.63511084306548
184,wind,2020,1.0,14.047941646863944,101.64804994467164
185,wind,2020,0.0,6.7306447617597325,101.34970204972382
186,wind,2020,0.0,14.345026596381558,100.52700388605878
187,wind,2020,0.0,19.234380522196133,100.19126680865371
188,wind,2020,6.0,8.562717029111814,98.4456029963924
189,wind,2020,1.0,7.516150762363705,100.0699438228184
190,wind,2020,7.0,16.25959708403817,100.34298441645052
191,wind,2020,2.0,16.98273920593606,100.54290826267558
192,wind,2020,1.0,12.947210693767495,99.6186891238277
193,wind,2020,0.0,16.27822335357501,101.14644874314673
194,wind,2020,1.0,18.19972533864006,100.0647085848686
195,wind,2020,4.0,7.9677941282734945,98.3455186308224
196,wind,2020,0.0,15.999670299999616,103.16549513488901
197,wind,2020,0.0,16.561721594099605,104.51731670864125
198,wind,2020,1.0,18.809845954652083,98.03011575670982
199,wind,2020,1.0,15.895196638032777,104.33849969789593
200,wind,2020,0.0,6.190695545773283,101.22803529551352
201,wind,2020,5.0,15.91959436972968,103.81326531234367
202,wind,2020,0.0,9.970275521153308,98.69884066401633
203,wind,2020,0.0,12.85332640426575,101.4283817096038
204,wind,2020,0.0,13.534766555161525,99.57781452079249
205,wind,2020,3.0,15.10936558157887,100.90762857839357
206,wind,2020,14.0,18.327227993569277,99.51228517238835
207,wind,2020,7.0,18.119023704567674,98.95469129141706
208,wind,2020,8.0,17.40861437092707,101.63512316909184
209,wind,2020,3.0,14.856420712750177,104.3685022115422
210,wind,2020,1.0,17.390085106732556,103.8242578170639
211,wind,2020,1.0,6.934366554128039,100.54542980741354
212,wind,2020,0.0,6.834110236997786,99.92719323524825
213,wind,2020,1.0,13.596895562151218,100.70908693621145
214,wind,2020,0.0,13.396815749013593,99.95329467939018
215,wind,2020,1.0,13.568971154314582,100.21226681824847
216,wind,2020,1.0,13.788581390999266,102.32193777518117
217,wind,2020,3.0,14.628211466686377,101.01735220705412
218,wind,2020,3.0,14.91234927057466,100.34718808134686
219,wind,2020,2.0,17.26353048873597,99.71103982379896
220,wind,2020,0.0,14.609337189970104,99.89156811543974
221,wind,2020,4.0,9.05251233269446,99.0903409109556
222,wind,2020,0.0,14.885973703091247,103.65530213757863
223,wind,2020,1.0,17.940311284134868,102.83336441440757
224,wind,2020,6.0,17.182328108290772,102.30194495447448
225,wind,2020,0.0,14.62405094492467,100.34808555407614
226,wind,2020,4.0,15.892596932460895,104.74132504669909
227,wind,2020,4.0,17.425144758296685,102.86318145309605
228,wind,2020,4.0,17.750871987430397,100.51784029868186
229,wind,2020,2.0,15.349611260851342,99.47777169507522
230,wind,2020,5.0,15.184055573964745,105.11087856130486
231,wind,2021,0.0,8.140298895036075,99.00755702760951
232,wind,2021,0.0,13.77135268917555,100.62255159880364
233,wind,2021,0.0,14.584208913291382,99.04779096470659
234,wind,2021,2.0,16.628164040387258,103.62182640580903
235,wind,2021,3.0,16.33105872411372,99.53466805561666
236,wind,2021,3.0,16.408745747827354,102.57856193774448
237,wind,2021,0.0,12.880818769665028,102.12986786038938
238,wind,2021,1.0,13.606466039221752,101.42540643119744
239,wind,2021,3.0,13.191300740006616,101.20278324690055
240,wind,2021,2.0,15.132705653972614,100.02786698637202
241,wind,2021,0.0,16.031557903013717,101.81742252833277
242,wind,2021,0.0,10.344708845012159,99.06143147023039
243,wind,2021,2.0,19.847269103706772,99.86586681445178
244,wind,2021,10.0,18.791867107775744,98.72762693448183
245,wind,2021,1.0,7.543508589393405,99.59484764255927
246,wind,2021,0.0,12.317119845801914,102.52079304247948
247,wind,2021,2.0,16.718468679984028,98.79318727875791
248,wind,2021,1.0,14.217167803628412,101.171132665719
249,wind,2021,0.0,13.924332563341029,100.10272840546162
250,wind,2021,1.0,17.38407259745835,104.4287771286261
251,wind,2021,2.0,14.956615121373286,102.10972846561535
252,wind,2021,3.0,8.37892299084666,99.78690640086293
253,wind,2021,3.0,15.683490480600515,100.14978275045216
254,wind,2021,0.0,13.924451724123463,100.39243839381135
255,wind,2021,1.0,6.177827875912442,101.71865000855404
256,wind,2021,4.0,18.853269803023007,100.83531950086387
257,wind,2021,1.0,18.148898341471345,103.71017348884088
258,wind,2021,0.0,14.821269437382593,102.95713074821138
259,wind,2021,0.0,14.064938393109594,100.6818142756639
260,wind,2021,0.0,11.947079897799647,99.63511084306548
261,wind,2021,1.0,14.047941646863944,101.64804994467164
262,wind,2021,0.0,6.7306447617597325,101.34970204972382
263,wind,2021,1.0,14.345026596381558,100.52700388605878
264,wind,2021,0.0,19.234380522196133,100.19126680865371
265,wind,2021,1.0,8.562717029111814,98.4456029963924
266,wind,2021,2.0,7.516150762363705,100.0699438228184
267,wind,2021,1.0,16.25959708403817,100.34298441645052
268,wind,2021,3.0,16.98273920593606,100.54290826267558
269,wind,2021,0.0,12.947210693767495,99.6186891238277
270,wind,2021,1.0,16.27822335357501,101.14644874314673
271,wind,2021,2.0,18.19972533864006,100.0647085848686
272,wind,2021,0.0,7.9677941282734945,98.3455186308224
273,wind,2021,0.0,15.999670299999616,103.16549513488901
274,wind,2021,1.0,16.561721594099605,104.51731670864125
275,wind,2021,1.0,18.809845954652083,98.03011575670982
276,wind,2021,2.0,15.895196638032777,104.33849969789593
277,wind,2021,1.0,6.190695545773283,101.22803529551352
278,wind,2021,6.0,15.91959436972968,103.81326531234367
279,wind,2021,0.0,9.970275521153308,98.69884066401633
280,wind,2021,1.0,12.85332640426575,101.4283817096038
281,wind,2021,1.0,13.534766555161525,99.57781452079249
282,wind,2021,4.0,15.10936558157887,100.90762857839357
283,wind,2021,4.0,18.327227993569277,99.51228517238835
284,wind,2021,4.0,18.119023704567674,98.95469129141706
285,wind,2021,0.0,17.40861437092707,101.63512316909184
286,wind,2021,1.0,14.856420712750177,104.3685022115422
287,wind,2021,2.0,17.390085106732556,103.8242578170639
288,wind,2021,1.0,6.934366554128039,100.54542980741354
289,wind,2021,1.0,6.834110236997786,99.92719323524825
290,wind,2021,2.0,13.596895562151218,100.70908693621145
291,wind,2021,0.0,13.396815749013593,99.95329467939018
292,wind,2021,2.0,13.568971154314582,100.21226681824847
293,wind,2021,0.0,13.788581390999266,102.32193777518117
294,wind,2021,4.0,14.628211466686377,101.01735220705412
295,wind,2021,3.0,14.91234927057466,100.34718808134686
296,wind,2021,1.0,17.26353048873597,99.71103982379896
297,wind,2021,1.0,14.609337189970104,99.89156811543974
298,wind,2021,1.0,9.05251233269446,99.0903409109556
299,wind,2021,1.0,14.885973703091247,103.65530213757863
300,wind,2021,1.0,17.940311284134868,102.83336441440757
301,wind,2021,6.0,17.182328108290772,102.30194495447448
302,wind,2021,4.0,14.62405094492467,100.34808555407614
303,wind,2021,3.0,15.892596932460895,104.74132504669909
304,wind,2021,5.0,17.425144758296685,102.86318145309605
305,wind,2021,1.0,17.750871987430397,100.51784029868186
306,wind,2021,2.0,15.349611260851342,99.47777169507522
307,wind,2021,0.0,15.184055573964745,105.11087856130486
308,wind,2022,2.0,8.140298895036075,99.00755702760951
309,wind,2022,1.0,13.77135268917555,100.62255159880364
310,wind,2022,0.0,14.584208913291382,99.04779096470659
311,wind,2022,2.0,16.628164040387258,103.62182640580903
312,wind,2022,1.0,16.33105872411372,99.53466805561666
313,wind,2022,3.0,16.408745747827354,102.57856193774448
314,wind,2022,2.0,12.880818769665028,102.12986786038938
315,wind,2022,0.0,13.606466039221752,101.42540643119744
316,wind,2022,3.0,13.191300740006616,101.20278324690055
317,wind,2022,5.0,15.132705653972614,100.02786698637202
318,wind,2022,9.0,16.031557903013717,101.81742252833277
319,wind,2022,0.0,10.344708845012159,99.06143147023039
320,wind,2022,0.0,19.847269103706772,99.86586681445178
321,wind,2022,1.0,18.791867107775744,98.72762693448183
322,wind,2022,6.0,7.543508589393405,99.59484764255927
323,wind,2022,1.0,12.317119845801914,102.52079304247948
324,wind,2022,6.0,16.718468679984028,98.79318727875791
325,wind,2022,1.0,14.217167803628412,101.171132665719
326,wind,2022,3.0,13.924332563341029,100.10272840546162
327,wind,2022,1.0,17.38407259745835,104.4287771286261
328,wind,2022,2.0,14.956615121373286,102.10972846561535
329,wind,2022,14.0,8.37892299084666,99.78690640086293
330,wind,2022,0.0,15.683490480600515,100.14978275045216
331,wind,2022,0.0,13.924451724123463,100.39243839381135
332,wind,2022,6.0,6.177827875912442,101.71865000855404
333,wind,2022,6.0,18.853269803023007,100.83531950086387
334,wind,2022,1.0,18.148898341471345,103.71017348884088
335,wind,2022,1.0,14.821269437382593,102.95713074821138
336,wind,2022,0.0,14.064938393109594,100.6818142756639
337,wind,2022,0.0,11.947079897799647,99.63511084306548
338,wind,2022,1.0,14.047941646863944,101.64804994467164
339,wind,2022,5.0,6.7306447617597325,101.34970204972382
340,wind,2022,1.0,14.345026596381558,100.52700388605878
341,wind,2022,2.0,19.234380522196133,100.19126680865371
342,wind,2022,2.0,8.562717029111814,98.4456029963924
343,wind,2022,2.0,7.516150762363705,100.0699438228184
344,wind,2022,0.0,16.25959708403817,100.34298441645052
345,wind,2022,0.0,16.98273920593606,100.54290826267558
346,wind,2022,0.0,12.947210693767495,99.6186891238277
347,wind,2022,1.0,16.27822335357501,101.14644874314673
348,wind,2022,1.0,18.19972533864006,100.0647085848686
349,wind,2022,2.0,7.9677941282734945,98.3455186308224
350,wind,2022,1.0,15.999670299999616,103.16549513488901
351,wind,2022,2.0,16.561721594099605,104.51731670864125
352,wind,2022,2.0,18.809845954652083,98.03011575670982
353,wind,2022,6.0,15.895196638032777,104.33849969789593
354,wind,2022,2.0,6.190695545773283,101.22803529551352
355,wind,2022,1.0,15.91959436972968,103.81326531234367
356,wind,2022,1.0,9.970275521153308,98.69884066401633
357,wind,2022,1.0,12.85332640426575,101.4283817096038
358,wind,2022,2.0,13.534766555161525,99.57781452079249
359,wind,2022,0.0,15.10936558157887,100.90762857839357
360,wind,2022,7.0,18.327227993569277,99.51228517238835
361,wind,2022,0.0,18.119023704567674,98.95469129141706
362,wind,2022,0.0,17.40861437092707,101.63512316909184
363,wind,2022,2.0,14.856420712750177,104.3685022115422
364,wind,2022,0.0,17.390085106732556,103.8242578170639
365,wind,2022,1.0,6.934366554128039,100.54542980741354
366,wind,2022,0.0,6.834110236997786,99.92719323524825
367,wind,2022,2.0,13.596895562151218,100.70908693621145
368,wind,2022,0.0,13.396815749013593,99.95329467939018
369,wind,2022,1.0,13.568971154314582,100.21226681824847
370,wind,2022,0.0,13.788581390999266,102.32193777518117
371,wind,2022,0.0,14.628211466686377,101.01735220705412
372,wind,2022,3.0,14.91234927057466,100.34718808134686
373,wind,2022,3.0,17.26353048873597,99.71103982379896
374,wind,2022,0.0,14.609337189970104,99.89156811543974
375,wind,2022,2.0,9.05251233269446,99.0903409109556
376,wind,2022,2.0,14.885973703091247,103.65530213757863
377,wind,2022,0.0,17.940311284134868,102.83336441440757
378,wind,2022,0.0,17.182328108290772,102.30194495447448
379,wind,2022,3.0,14.62405094492467,100.34808555407614
380,wind,2022,10.0,15.892596932460895,104.74132504669909
381,wind,2022,1.0,17.425144758296685,102.86318145309605
382,wind,2022,2.0,17.750871987430397,100.51784029868186
383,wind,2022,1.0,15.349611260851342,99.47777169507522
384,wind,2022,0.0,15.184055573964745,105.11087856130486
385,wind,2023,3.0,8.140298895036075,99.00755702760951
386,wind,2023,0.0,13.77135268917555,100.62255159880364
387,wind,2023,0.0,14.584208913291382,99.04779096470659
388,wind,2023,1.0,16.628164040387258,103.62182640580903
389,wind,2023,8.0,16.33105872411372,99.53466805561666
390,wind,2023,8.0,16.408745747827354,102.57856193774448
391,wind,2023,0.0,12.880818769665028,102.12986786038938
392,wind,2023,2.0,13.606466039221752,101.42540643119744
393,wind,2023,1.0,13.191300740006616,101.20278324690055
394,wind,2023,3.0,15.132705653972614,100.02786698637202
395,wind,2023,9.0,16.031557903013717,101.81742252833277
396,wind,2023,0.0,10.344708845012159,99.06143147023039
397,wind,2023,14.0,19.847269103706772,99.86586681445178
398,wind,2023,8.0,18.791867107775744,98.72762693448183
399,wind,2023,4.0,7.543508589393405,99.59484764255927
400,wind,2023,1.0,12.317119845801914,102.52079304247948
401,wind,2023,6.0,16.718468679984028,98.79318727875791
402,wind,2023,2.0,14.217167803628412,101.171132665719
403,wind,2023,2.0,13.924332563341029,100.10272840546162
404,wind,2023,4.0,17.38407259745835,104.4287771286261
405,wind,2023,1.0,14.956615121373286,102.10972846561535
406,wind,2023,14.0,8.37892299084666,99.78690640086293
407,wind,2023,0.0,15.683490480600515,100.14978275045216
408,wind,2023,0.0,13.924451724123463,100.39243839381135
409,wind,2023,1.0,6.177827875912442,101.71865000855404
410,wind,2023,5.0,18.853269803023007,100.83531950086387
411,wind,2023,0.0,18.148898341471345,103.71017348884088
412,wind,2023,1.0,14.821269437382593,102.95713074821138
413,wind,2023,2.0,14.064938393109594,100.6818142756639
414,wind,2023,1.0,11.947079897799647,99.63511084306548
415,wind,2023,11.0,14.047941646863944,101.64804994467164
416,wind,2023,0.0,6.7306447617597325,101.34970204972382
417,wind,2023,2.0,14.345026596381558,100.52700388605878
418,wind,2023,4.0,19.234380522196133,100.19126680865371
419,wind,2023,2.0,8.562717029111814,98.4456029963924
420,wind,2023,2.0,7.516150762363705,100.0699438228184
421,wind,2023,2.0,16.25959708403817,100.34298441645052
422,wind,2023,0.0,16.98273920593606,100.54290826267558
423,wind,2023,2.0,12.947210693767495,99.6186891238277
424,wind,2023,20.0,16.27822335357501,101.14644874314673
425,wind,2023,4.0,18.19972533864006,100.0647085848686
426,wind,2023,1.0,7.9677941282734945,98.3455186308224
427,wind,2023,4.0,15.999670299999616,103.16549513488901
428,wind,2023,2.0,16.561721594099605,104.51731670864125
429,wind,2023,3.0,18.809845954652083,98.03011575670982
430,wind,2023,11.0,15.895196638032777,104.33849969789593
431,wind,2023,1.0,6.190695545773283,101.22803529551352
432,wind,2023,3.0,15.91959436972968,103.81326531234367
433,wind,2023,1.0,9.970275521153308,98.69884066401633
434,wind,2023,6.0,12.85332640426575,101.4283817096038
435,wind,2023,3.0,13.534766555161525,99.57781452079249
436,wind,2023,3.0,15.10936558157887,100.90762857839357
437,wind,2023,15.0,18.327227993569277,99.51228517238835
438,wind,2023,2.0,18.119023704567674,98.95469129141706
439,wind,2023,2.0,17.40861437092707,101.63512316909184
440,wind,2023,0.0,14.856420712750177,104.3685022115422
441,wind,2023,13.0,17.390085106732556,103.8242578170639
442,wind,2023,3.0,6.934366554128039,100.54542980741354
443,wind,2023,0.0,6.834110236997786,99.92719323524825
444,wind,2023,2.0,13.596895562151218,100.70908693621145
445,wind,2023,1.0,13.396815749013593,99.95329467939018
446,wind,2023,2.0,13.568971154314582,100.21226681824847
447,wind,2023,2.0,13.788581390999266,102.32193777518117
448,wind,2023,1.0,14.628211466686377,101.01735220705412
449,wind,2023,1.0,14.91234927057466,100.34718808134686
450,wind,2023,4.0,17.26353048873597,99.71103982379896
451,wind,2023,1.0,14.609337189970104,99.89156811543974
452,wind,2023,6.0,9.05251233269446,99.0903409109556
453,wind,2023,0.0,14.885973703091247,103.65530213757863
454,wind,2023,2.0,17.940311284134868,102.83336441440757
455,wind,2023,7.0,17.182328108290772,102.30194495447448
456,wind,2023,1.0,14.62405094492467,100.34808555407614
457,wind,2023,12.0,15.892596932460895,104.74132504669909
458,wind,2023,2.0,17.425144758296685,102.86318145309605
459,wind,2023,9.0,17.750871987430397,100.51784029868186
460,wind,2023,4.0,15.349611260851342,99.47777169507522
461,wind,2023,0.0,15.184055573964745,105.11087856130486
462,flood,2018,2.0,8.140298895036075,99.00755702760951
463,flood,2018,0.0,13.77135268917555,100.62255159880364
464,flood,2018,0.0,14.584208913291382,99.04779096470659
465,flood,2018,0.0,16.628164040387258,103.62182640580903
466,flood,2018,0.0,16.33105872411372,99.53466805561666
467,flood,2018,0.0,16.408745747827354,102.57856193774448
468,flood,2018,0.0,12.880818769665028,102.12986786038938
469,flood,2018,0.0,13.606466039221752,101.42540643119744
470,flood,2018,0.0,13.191300740006616,101.20278324690055
471,flood,2018,0.0,15.132705653972614,100.02786698637202
472,flood,2018,0.0,16.031557903013717,101.81742252833277
473,flood,2018,0.0,10.344708845012159,99.06143147023039
474,flood,2018,0.0,19.847269103706772,99.86586681445178
475,flood,2018,0.0,18.791867107775744,98.72762693448183
476,flood,2018,1.0,7.543508589393405,99.59484764255927
477,flood,2018,0.0,12.317119845801914,102.52079304247948
478,flood,2018,0.0,16.718468679984028,98.79318727875791
479,flood,2018,0.0,14.217167803628412,101.171132665719
480,flood,2018,0.0,13.924332563341029,100.10272840546162
481,flood,2018,0.0,17.38407259745835,104.4287771286261
482,flood,2018,0.0,14.956615121373286,102.10972846561535
483,flood,2018,1.0,8.37892299084666,99.78690640086293
484,flood,2018,0.0,15.683490480600515,100.14978275045216
485,flood,2018,0.0,13.924451724123463,100.39243839381135
486,flood,2018,0.0,6.177827875912442,101.71865000855404
487,flood,2018,0.0,18.853269803023007,100.83531950086387
488,flood,2018,0.0,18.148898341471345,103.71017348884088
489,flood,2018,0.0,14.821269437382593,102.95713074821138
490,flood,2018,0.0,14.064938393109594,100.6818142756639
491,flood,2018,3.0,11.947079897799647,99.63511084306548
492,flood,2018,0.0,14.047941646863944,101.64804994467164
493,flood,2018,0.0,6.7306447617597325,101.34970204972382
494,flood,2018,1.0,14.345026596381558,100.52700388605878
495,flood,2018,1.0,19.234380522196133,100.19126680865371
496,flood,2018,1.0,8.562717029111814,98.4456029963924
497,flood,2018,0.0,7.516150762363705,100.0699438228184
498,flood,2018,0.0,16.25959708403817,100.34298441645052
499,flood,2018,0.0,16.98273920593606,100.54290826267558
500,flood,2018,0.0,12.947210693767495,99.6186891238277
501,flood,2018,0.0,16.27822335357501,101.14644874314673
502,flood,2018,0.0,18.19972533864006,100.0647085848686
503,flood,2018,0.0,7.9677941282734945,98.3455186308224
504,flood,2018,0.0,15.999670299999616,103.16549513488901
505,flood,2018,0.0,16.561721594099605,104.51731670864125
506,flood,2018,0.0,18.809845954652083,98.03011575670982
507,flood,2018,0.0,15.895196638032777,104.33849969789593
508,flood,2018,0.0,6.190695545773283,101.22803529551352
509,flood,2018,0.0,15.91959436972968,103.81326531234367
510,flood,2018,0.0,9.970275521153308,98.69884066401633
511,flood,2018,0.0,12.85332640426575,101.4283817096038
512,flood,2018,0.0,13.534766555161525,99.57781452079249
513,flood,2018,0.0,15.10936558157887,100.90762857839357
514,flood,2018,2.0,18.327227993569277,99.51228517238835
515,flood,2018,2.0,18.119023704567674,98.95469129141706
516,flood,2018,0.0,17.40861437092707,101.63512316909184
517,flood,2018,0.0,14.856420712750177,104.3685022115422
518,flood,2018,0.0,17.390085106732556,103.8242578170639
519,flood,2018,0.0,6.934366554128039,100.54542980741354
520,flood,2018,0.0,6.834110236997786,99.92719323524825
521,flood,2018,0.0,13.596895562151218,100.70908693621145
522,flood,2018,0.0,13.396815749013593,99.95329467939018
523,flood,2018,0.0,13.568971154314582,100.21226681824847
524,flood,2018,0.0,13.788581390999266,102.32193777518117
525,flood,2018,0.0,14.628211466686377,101.01735220705412
526,flood,2018,0.0,14.91234927057466,100.34718808134686
527,flood,2018,0.0,17.26353048873597,99.71103982379896
528,flood,2018,0.0,14.609337189970104,99.89156811543974
529,flood,2018,5.0,9.05251233269446,99.0903409109556
530,flood,2018,0.0,14.885973703091247,103.65530213757863
531,flood,2018,0.0,17.940311284134868,102.83336441440757
532,flood,2018,0.0,17.182328108290772,102.30194495447448
533,flood,2018,0.0,14.62405094492467,100.34808555407614
534,flood,2018,0.0,15.892596932460895,104.74132504669909
535,flood,2018,0.0,17.425144758296685,102.86318145309605
536,flood,2018,1.0,17.750871987430397,100.51784029868186
537,flood,2018,0.0,15.349611260851342,99.47777169507522
538,flood,2018,0.0,15.184055573964745,105.11087856130486
539,flood,2019,0.0,8.140298895036075,99.00755702760951
540,flood,2019,0.0,13.77135268917555,100.62255159880364
541,flood,2019,0.0,14.584208913291382,99.04779096470659
542,flood,2019,0.0,16.628164040387258,103.62182640580903
543,flood,2019,2.0,16.33105872411372,99.53466805561666
544,flood,2019,0.0,16.408745747827354,102.57856193774448
545,flood,2019,3.0,12.880818769665028,102.12986786038938
546,flood,2019,0.0,13.606466039221752,101.42540643119744
547,flood,2019,0.0,13.191300740006616,101.20278324690055
548,flood,2019,0.0,15.132705653972614,100.02786698637202
549,flood,2019,0.0,16.031557903013717,101.81742252833277
550,flood,2019,1.0,10.344708845012159,99.06143147023039
551,flood,2019,1.0,19.847269103706772,99.86586681445178
552,flood,2019,0.0,18.791867107775744,98.72762693448183
553,flood,2019,0.0,7.543508589393405,99.59484764255927
554,flood,2019,2.0,12.317119845801914,102.52079304247948
555,flood,2019,0.0,16.718468679984028,98.79318727875791
556,flood,2019,1.0,14.217167803628412,101.171132665719
557,flood,2019,0.0,13.924332563341029,100.10272840546162
558,flood,2019,0.0,17.38407259745835,104.4287771286261
559,flood,2019,0.0,14.956615121373286,102.10972846561535
560,flood,2019,0.0,8.37892299084666,99.78690640086293
561,flood,2019,0.0,15.683490480600515,100.14978275045216
562,flood,2019,0.0,13.924451724123463,100.39243839381135
563,flood,2019,0.0,6.177827875912442,101.71865000855404
564,flood,2019,4.0,18.853269803023007,100.83531950086387
565,flood,2019,0.0,18.148898341471345,103.71017348884088
566,flood,2019,0.0,14.821269437382593,102.95713074821138
567,flood,2019,0.0,14.064938393109594,100.6818142756639
568,flood,2019,0.0,11.947079897799647,99.63511084306548
569,flood,2019,0.0,14.047941646863944,101.64804994467164
570,flood,2019,0.0,6.7306447617597325,101.34970204972382
571,flood,2019,0.0,14.345026596381558,100.52700388605878
572,flood,2019,0.0,19.234380522196133,100.19126680865371
573,flood,2019,0.0,8.562717029111814,98.4456029963924
574,flood,2019,0.0,7.516150762363705,100.0699438228184
575,flood,2019,1.0,16.25959708403817,100.34298441645052
576,flood,2019,0.0,16.98273920593606,100.54290826267558
577,flood,2019,0.0,12.947210693767495,99.6186891238277
578,flood,2019,0.0,16.27822335357501,101.14644874314673
579,flood,2019,1.0,18.19972533864006,100.0647085848686
580,flood,2019,0.0,7.9677941282734945,98.3455186308224
581,flood,2019,0.0,15.999670299999616,103.16549513488901
582,flood,2019,0.0,16.561721594099605,104.51731670864125
583,flood,2019,1.0,18.809845954652083,98.03011575670982
584,flood,2019,0.0,15.895196638032777,104.33849969789593
585,flood,2019,1.0,6.190695545773283,101.22803529551352
586,flood,2019,0.0,15.91959436972968,103.81326531234367
587,flood,2019,1.0,9.970275521153308,98.69884066401633
588,flood,2019,0.0,12.85332640426575,101.4283817096038
589,flood,2019,0.0,13.534766555161525,99.57781452079249
590,flood,2019,0.0,15.10936558157887,100.90762857839357
591,flood,2019,0.0,18.327227993569277,99.51228517238835
592,flood,2019,0.0,18.119023704567674,98.95469129141706
593,flood,2019,2.0,17.40861437092707,101.63512316909184
594,flood,2019,0.0,14.856420712750177,104.3685022115422
595,flood,2019,0.0,17.390085106732556,103.8242578170639
596,flood,2019,0.0,6.934366554128039,100.54542980741354
597,flood,2019,0.0,6.834110236997786,99.92719323524825
598,flood,2019,0.0,13.596895562151218,100.70908693621145
599,flood,2019,0.0,13.396815749013593,99.95329467939018
600,flood,2019,0.0,13.568971154314582,100.21226681824847
601,flood,2019,0.0,13.788581390999266,102.32193777518117
602,flood,2019,0.0,14.628211466686377,101.01735220705412
603,flood,2019,0.0,14.91234927057466,100.34718808134686
604,flood,2019,0.0,17.26353048873597,99.71103982379896
605,flood,2019,0.0,14.609337189970104,99.89156811543974
606,flood,2019,2.0,9.05251233269446,99.0903409109556
607,flood,2019,0.0,14.885973703091247,103.65530213757863
608,flood,2019,0.0,17.940311284134868,102.83336441440757
609,flood,2019,0.0,17.182328108290772,102.30194495447448
610,flood,2019,0.0,14.62405094492467,100.34808555407614
611,flood,2019,0.0,15.892596932460895,104.74132504669909
612,flood,2019,0.0,17.425144758296685,102.86318145309605
613,flood,2019,0.0,17.750871987430397,100.51784029868186
614,flood,2019,0.0,15.349611260851342,99.47777169507522
615,flood,2019,0.0,15.184055573964745,105.11087856130486
616,flood,2020,1.0,8.140298895036075,99.00755702760951
617,flood,2020,0.0,13.77135268917555,100.62255159880364
618,flood,2020,6.0,14.584208913291382,99.04779096470659
619,flood,2020,0.0,16.628164040387258,103.62182640580903
620,flood,2020,0.0,16.33105872411372,99.53466805561666
621,flood,2020,1.0,16.408745747827354,102.57856193774448
622,flood,2020,2.0,12.880818769665028,102.12986786038938
623,flood,2020,0.0,13.606466039221752,101.42540643119744
624,flood,2020,1.0,13.191300740006616,101.20278324690055
625,flood,2020,0.0,15.132705653972614,100.02786698637202
626,flood,2020,1.0,16.031557903013717,101.81742252833277
627,flood,2020,7.0,10.344708845012159,99.06143147023039
628,flood,2020,1.0,19.847269103706772,99.86586681445178
629,flood,2020,1.0,18.791867107775744,98.72762693448183
630,flood,2020,1.0,7.543508589393405,99.59484764255927
631,flood,2020,0.0,12.317119845801914,102.52079304247948
632,flood,2020,0.0,16.718468679984028,98.79318727875791
633,flood,2020,0.0,14.217167803628412,101.171132665719
634,flood,2020,0.0,13.924332563341029,100.10272840546162
635,flood,2020,0.0,17.38407259745835,104.4287771286261
636,flood,2020,3.0,14.956615121373286,102.10972846561535
637,flood,2020,1.0,8.37892299084666,99.78690640086293
638,flood,2020,0.0,15.683490480600515,100.14978275045216
639,flood,2020,0.0,13.924451724123463,100.39243839381135
640,flood,2020,0.0,6.177827875912442,101.71865000855404
641,flood,2020,5.0,18.853269803023007,100.83531950086387
642,flood,2020,0.0,18.148898341471345,103.71017348884088
643,flood,2020,0.0,14.821269437382593,102.95713074821138
644,flood,2020,1.0,14.064938393109594,100.6818142756639
645,flood,2020,0.0,11.947079897799647,99.63511084306548
646,flood,2020,6.0,14.047941646863944,101.64804994467164
647,flood,2020,0.0,6.7306447617597325,101.34970204972382
648,flood,2020,0.0,14.345026596381558,100.52700388605878
649,flood,2020,0.0,19.234380522196133,100.19126680865371
650,flood,2020,3.0,8.562717029111814,98.4456029963924
651,flood,2020,2.0,7.516150762363705,100.0699438228184
652,flood,2020,0.0,16.25959708403817,100.34298441645052
653,flood,2020,0.0,16.98273920593606,100.54290826267558
654,flood,2020,0.0,12.947210693767495,99.6186891238277
655,flood,2020,0.0,16.27822335357501,101.14644874314673
656,flood,2020,2.0,18.19972533864006,100.0647085848686
657,flood,2020,0.0,7.9677941282734945,98.3455186308224
658,flood,2020,0.0,15.999670299999616,103.16549513488901
659,flood,2020,0.0,16.561721594099605,104.51731670864125
660,flood,2020,0.0,18.809845954652083,98.03011575670982
661,flood,2020,0.0,15.895196638032777,104.33849969789593
662,flood,2020,2.0,6.190695545773283,101.22803529551352
663,flood,2020,0.0,15.91959436972968,103.81326531234367
664,flood,2020,1.0,9.970275521153308,98.69884066401633
665,flood,2020,1.0,12.85332640426575,101.4283817096038
666,flood,2020,1.0,13.534766555161525,99.57781452079249
667,flood,2020,0.0,15.10936558157887,100.90762857839357
668,flood,2020,2.0,18.327227993569277,99.51228517238835
669,flood,2020,2.0,18.119023704567674,98.95469129141706
670,flood,2020,2.0,17.40861437092707,101.63512316909184
671,flood,2020,3.0,14.856420712750177,104.3685022115422
672,flood,2020,0.0,17.390085106732556,103.8242578170639
673,flood,2020,1.0,6.934366554128039,100.54542980741354
674,flood,2020,1.0,6.834110236997786,99.92719323524825
675,flood,2020,1.0,13.596895562151218,100.70908693621145
676,flood,2020,1.0,13.396815749013593,99.95329467939018
677,flood,2020,2.0,13.568971154314582,100.21226681824847
678,flood,2020,3.0,13.788581390999266,102.32193777518117
679,flood,2020,1.0,14.628211466686377,101.01735220705412
680,flood,2020,1.0,14.91234927057466,100.34718808134686
681,flood,2020,0.0,17.26353048873597,99.71103982379896
682,flood,2020,0.0,14.609337189970104,99.89156811543974
683,flood,2020,5.0,9.05251233269446,99.0903409109556
684,flood,2020,0.0,14.885973703091247,103.65530213757863
685,flood,2020,0.0,17.940311284134868,102.83336441440757
686,flood,2020,1.0,17.182328108290772,102.30194495447448
687,flood,2020,0.0,14.62405094492467,100.34808555407614
688,flood,2020,0.0,15.892596932460895,104.74132504669909
689,flood,2020,2.0,17.425144758296685,102.86318145309605
690,flood,2020,4.0,17.750871987430397,100.51784029868186
691,flood,2020,0.0,15.349611260851342,99.47777169507522
692,flood,2020,0.0,15.184055573964745,105.11087856130486
693,flood,2021,0.0,8.140298895036075,99.00755702760951
694,flood,2021,2.0,13.77135268917555,100.62255159880364
695,flood,2021,0.0,14.584208913291382,99.04779096470659
696,flood,2021,0.0,16.628164040387258,103.62182640580903
697,flood,2021,3.0,16.33105872411372,99.53466805561666
698,flood,2021,0.0,16.408745747827354,102.57856193774448
699,flood,2021,2.0,12.880818769665028,102.12986786038938
700,flood,2021,0.0,13.606466039221752,101.42540643119744
701,flood,2021,0.0,13.191300740006616,101.20278324690055
702,flood,2021,0.0,15.132705653972614,100.02786698637202
703,flood,2021,0.0,16.031557903013717,101.81742252833277
704,flood,2021,3.0,10.344708845012159,99.06143147023039
705,flood,2021,0.0,19.847269103706772,99.86586681445178
706,flood,2021,3.0,18.791867107775744,98.72762693448183
707,flood,2021,1.0,7.543508589393405,99.59484764255927
708,flood,2021,0.0,12.317119845801914,102.52079304247948
709,flood,2021,2.0,16.718468679984028,98.79318727875791
710,flood,2021,0.0,14.217167803628412,101.171132665719
711,flood,2021,1.0,13.924332563341029,100.10272840546162
712,flood,2021,0.0,17.38407259745835,104.4287771286261
713,flood,2021,1.0,14.956615121373286,102.10972846561535
714,flood,2021,2.0,8.37892299084666,99.78690640086293
715,flood,2021,0.0,15.683490480600515,100.14978275045216
716,flood,2021,0.0,13.924451724123463,100.39243839381135
717,flood,2021,1.0,6.177827875912442,101.71865000855404
718,flood,2021,0.0,18.853269803023007,100.83531950086387
719,flood,2021,0.0,18.148898341471345,103.71017348884088
720,flood,2021,0.0,14.821269437382593,102.95713074821138
721,flood,2021,3.0,14.064938393109594,100.6818142756639
722,flood,2021,0.0,11.947079897799647,99.63511084306548
723,flood,2021,4.0,14.047941646863944,101.64804994467164
724,flood,2021,0.0,6.7306447617597325,101.34970204972382
725,flood,2021,0.0,14.345026596381558,100.52700388605878
726,flood,2021,0.0,19.234380522196133,100.19126680865371
727,flood,2021,0.0,8.562717029111814,98.4456029963924
728,flood,2021,2.0,7.516150762363705,100.0699438228184
729,flood,2021,0.0,16.25959708403817,100.34298441645052
730,flood,2021,0.0,16.98273920593606,100.54290826267558
731,flood,2021,0.0,12.947210693767495,99.6186891238277
732,flood,2021,0.0,16.27822335357501,101.14644874314673
733,flood,2021,0.0,18.19972533864006,100.0647085848686
734,flood,2021,0.0,7.9677941282734945,98.3455186308224
735,flood,2021,1.0,15.999670299999616,103.16549513488901
736,flood,2021,0.0,16.561721594099605,104.51731670864125
737,flood,2021,2.0,18.809845954652083,98.03011575670982
738,flood,2021,1.0,15.895196638032777,104.33849969789593
739,flood,2021,4.0,6.190695545773283,101.22803529551352
740,flood,2021,0.0,15.91959436972968,103.81326531234367
741,flood,2021,0.0,9.970275521153308,98.69884066401633
742,flood,2021,0.0,12.85332640426575,101.4283817096038
743,flood,2021,0.0,13.534766555161525,99.57781452079249
744,flood,2021,2.0,15.10936558157887,100.90762857839357
745,flood,2021,2.0,18.327227993569277,99.51228517238835
746,flood,2021,0.0,18.119023704567674,98.95469129141706
747,flood,2021,4.0,17.40861437092707,101.63512316909184
748,flood,2021,2.0,14.856420712750177,104.3685022115422
749,flood,2021,0.0,17.390085106732556,103.8242578170639
750,flood,2021,2.0,6.934366554128039,100.54542980741354
751,flood,2021,0.0,6.834110236997786,99.92719323524825
752,flood,2021,1.0,13.596895562151218,100.70908693621145
753,flood,2021,0.0,13.396815749013593,99.95329467939018
754,flood,2021,2.0,13.568971154314582,100.21226681824847
755,flood,2021,1.0,13.788581390999266,102.32193777518117
756,flood,2021,4.0,14.628211466686377,101.01735220705412
757,flood,2021,0.0,14.91234927057466,100.34718808134686
758,flood,2021,0.0,17.26353048873597,99.71103982379896
759,flood,2021,3.0,14.609337189970104,99.89156811543974
760,flood,2021,6.0,9.05251233269446,99.0903409109556
761,flood,2021,0.0,14.885973703091247,103.65530213757863
762,flood,2021,0.0,17.940311284134868,102.83336441440757
763,flood,2021,0.0,17.182328108290772,102.30194495447448
764,flood,2021,4.0,14.62405094492467,100.34808555407614
765,flood,2021,0.0,15.892596932460895,104.74132504669909
766,flood,2021,0.0,17.425144758296685,102.86318145309605
767,flood,2021,0.0,17.750871987430397,100.51784029868186
768,flood,2021,0.0,15.349611260851342,99.47777169507522
769,flood,2021,1.0,15.184055573964745,105.11087856130486
770,flood,2022,0.0,8.140298895036075,99.00755702760951
771,flood,2022,0.0,13.77135268917555,100.62255159880364
772,flood,2022,0.0,14.584208913291382,99.04779096470659
773,flood,2022,0.0,16.628164040387258,103.62182640580903
774,flood,2022,2.0,16.33105872411372,99.53466805561666
775,flood,2022,0.0,16.408745747827354,102.57856193774448
776,flood,2022,2.0,12.880818769665028,102.12986786038938
777,flood,2022,0.0,13.606466039221752,101.42540643119744
778,flood,2022,4.0,13.191300740006616,101.20278324690055
779,flood,2022,0.0,15.132705653972614,100.02786698637202
780,flood,2022,0.0,16.031557903013717,101.81742252833277
781,flood,2022,0.0,10.344708845012159,99.06143147023039
782,flood,2022,5.0,19.847269103706772,99.86586681445178
783,flood,2022,2.0,18.791867107775744,98.72762693448183
784,flood,2022,1.0,7.543508589393405,99.59484764255927
785,flood,2022,2.0,12.317119845801914,102.52079304247948
786,flood,2022,1.0,16.718468679984028,98.79318727875791
787,flood,2022,0.0,14.217167803628412,101.171132665719
788,flood,2022,2.0,13.924332563341029,100.10272840546162
789,flood,2022,0.0,17.38407259745835,104.4287771286261
790,flood,2022,1.0,14.956615121373286,102.10972846561535
791,flood,2022,3.0,8.37892299084666,99.78690640086293
792,flood,2022,0.0,15.683490480600515,100.14978275045216
793,flood,2022,2.0,13.924451724123463,100.39243839381135
794,flood,2022,1.0,6.177827875912442,101.71865000855404
795,flood,2022,2.0,18.853269803023007,100.83531950086387
796,flood,2022,1.0,18.148898341471345,103.71017348884088
797,flood,2022,2.0,14.821269437382593,102.95713074821138
798,flood,2022,0.0,14.064938393109594,100.6818142756639
799,flood,2022,0.0,11.947079897799647,99.63511084306548
800,flood,2022,1.0,14.047941646863944,101.64804994467164
801,flood,2022,0.0,6.7306447617597325,101.34970204972382
802,flood,2022,1.0,14.345026596381558,100.52700388605878
803,flood,2022,0.0,19.234380522196133,100.19126680865371
804,flood,2022,3.0,8.562717029111814,98.4456029963924
805,flood,2022,2.0,7.516150762363705,100.0699438228184
806,flood,2022,0.0,16.25959708403817,100.34298441645052
807,flood,2022,4.0,16.98273920593606,100.54290826267558
808,flood,2022,0.0,12.947210693767495,99.6186891238277
809,flood,2022,2.0,16.27822335357501,101.14644874314673
810,flood,2022,2.0,18.19972533864006,100.0647085848686
811,flood,2022,1.0,7.9677941282734945,98.3455186308224
812,flood,2022,0.0,15.999670299999616,103.16549513488901
813,flood,2022,2.0,16.561721594099605,104.51731670864125
814,flood,2022,3.0,18.809845954652083,98.03011575670982
815,flood,2022,1.0,15.895196638032777,104.33849969789593
816,flood,2022,1.0,6.190695545773283,101.22803529551352
817,flood,2022,1.0,15.91959436972968,103.81326531234367
818,flood,2022,0.0,9.970275521153308,98.69884066401633
819,flood,2022,0.0,12.85332640426575,101.4283817096038
820,flood,2022,0.0,13.534766555161525,99.57781452079249
821,flood,2022,1.0,15.10936558157887,100.90762857839357
822,flood,2022,3.0,18.327227993569277,99.51228517238835
823,flood,2022,0.0,18.119023704567674,98.95469129141706
824,flood,2022,0.0,17.40861437092707,101.63512316909184
825,flood,2022,0.0,14.856420712750177,104.3685022115422
826,flood,2022,0.0,17.390085106732556,103.8242578170639
827,flood,2022,3.0,6.934366554128039,100.54542980741354
828,flood,2022,0.0,6.834110236997786,99.92719323524825
829,flood,2022,1.0,13.596895562151218,100.70908693621145
830,flood,2022,0.0,13.396815749013593,99.95329467939018
831,flood,2022,0.0,13.568971154314582,100.21226681824847
832,flood,2022,2.0,13.788581390999266,102.32193777518117
833,flood,2022,0.0,14.628211466686377,101.01735220705412
834,flood,2022,0.0,14.91234927057466,100.34718808134686
835,flood,2022,1.0,17.26353048873597,99.71103982379896
836,flood,2022,0.0,14.609337189970104,99.89156811543974
837,flood,2022,1.0,9.05251233269446,99.0903409109556
838,flood,2022,0.0,14.885973703091247,103.65530213757863
839,flood,2022,0.0,17.940311284134868,102.83336441440757
840,flood,2022,0.0,17.182328108290772,102.30194495447448
841,flood,2022,0.0,14.62405094492467,100.34808555407614
842,flood,2022,1.0,15.892596932460895,104.74132504669909
843,flood,2022,1.0,17.425144758296685,102.86318145309605
844,flood,2022,3.0,17.750871987430397,100.51784029868186
845,flood,2022,0.0,15.349611260851342,99.47777169507522
846,flood,2022,1.0,15.184055573964745,105.11087856130486
847,flood,2023,1.0,8.140298895036075,99.00755702760951
848,flood,2023,0.0,13.77135268917555,100.62255159880364
849,flood,2023,3.0,14.584208913291382,99.04779096470659
850,flood,2023,2.0,16.628164040387258,103.62182640580903
851,flood,2023,0.0,16.33105872411372,99.53466805561666
852,flood,2023,3.0,16.408745747827354,102.57856193774448
853,flood,2023,3.0,12.880818769665028,102.12986786038938
854,flood,2023,0.0,13.606466039221752,101.42540643119744
855,flood,2023,0.0,13.191300740006616,101.20278324690055
856,flood,2023,0.0,15.132705653972614,100.02786698637202
857,flood,2023,2.0,16.031557903013717,101.81742252833277
858,flood,2023,1.0,10.344708845012159,99.06143147023039
859,flood,2023,1.0,19.847269103706772,99.86586681445178
860,flood,2023,3.0,18.791867107775744,98.72762693448183
861,flood,2023,1.0,7.543508589393405,99.59484764255927
862,flood,2023,1.0,12.317119845801914,102.52079304247948
863,flood,2023,4.0,16.718468679984028,98.79318727875791
864,flood,2023,0.0,14.217167803628412,101.171132665719
865,flood,2023,1.0,13.924332563341029,100.10272840546162
866,flood,2023,2.0,17.38407259745835,104.4287771286261
867,flood,2023,0.0,14.956615121373286,102.10972846561535
868,flood,2023,6.0,8.37892299084666,99.78690640086293
869,flood,2023,0.0,15.683490480600515,100.14978275045216
870,flood,2023,1.0,13.924451724123463,100.39243839381135
871,flood,2023,0.0,6.177827875912442,101.71865000855404
872,flood,2023,0.0,18.853269803023007,100.83531950086387
873,flood,2023,1.0,18.148898341471345,103.71017348884088
874,flood,2023,0.0,14.821269437382593,102.95713074821138
875,flood,2023,0.0,14.064938393109594,100.6818142756639
876,flood,2023,0.0,11.947079897799647,99.63511084306548
877,flood,2023,4.0,14.047941646863944,101.64804994467164
878,flood,2023,0.0,6.7306447617597325,101.34970204972382
879,flood,2023,0.0,14.345026596381558,100.52700388605878
880,flood,2023,2.0,19.234380522196133,100.19126680865371
881,flood,2023,2.0,8.562717029111814,98.4456029963924
882,flood,2023,0.0,7.516150762363705,100.0699438228184
883,flood,2023,0.0,16.25959708403817,100.34298441645052
884,flood,2023,1.0,16.98273920593606,100.54290826267558
885,flood,2023,0.0,12.947210693767495,99.6186891238277
886,flood,2023,3.0,16.27822335357501,101.14644874314673
887,flood,2023,0.0,18.19972533864006,100.0647085848686
888,flood,2023,0.0,7.9677941282734945,98.3455186308224
889,flood,2023,2.0,15.999670299999616,103.16549513488901
890,flood,2023,1.0,16.561721594099605,104.51731670864125
891,flood,2023,6.0,18.809845954652083,98.03011575670982
892,flood,2023,0.0,15.895196638032777,104.33849969789593
893,flood,2023,6.0,6.190695545773283,101.22803529551352
894,flood,2023,0.0,15.91959436972968,103.81326531234367
895,flood,2023,1.0,9.970275521153308,98.69884066401633
896,flood,2023,2.0,12.85332640426575,101.4283817096038
897,flood,2023,0.0,13.534766555161525,99.57781452079249
898,flood,2023,0.0,15.10936558157887,100.90762857839357
899,flood,2023,5.0,18.327227993569277,99.51228517238835
900,flood,2023,1.0,18.119023704567674,98.95469129141706
901,flood,2023,0.0,17.40861437092707,101.63512316909184
902,flood,2023,0.0,14.856420712750177,104.3685022115422
903,flood,2023,1.0,17.390085106732556,103.8242578170639
904,flood,2023,1.0,6.934366554128039,100.54542980741354
905,flood,2023,2.0,6.834110236997786,99.92719323524825
906,flood,2023,2.0,13.596895562151218,100.70908693621145
907,flood,2023,0.0,13.396815749013593,99.95329467939018
908,flood,2023,1.0,13.568971154314582,100.21226681824847
909,flood,2023,0.0,13.788581390999266,102.32193777518117
910,flood,2023,0.0,14.628211466686377,101.01735220705412
911,flood,2023,0.0,14.91234927057466,100.34718808134686
912,flood,2023,1.0,17.26353048873597,99.71103982379896
913,flood,2023,0.0,14.609337189970104,99.89156811543974
914,flood,2023,1.0,9.05251233269446,99.0903409109556
915,flood,2023,0.0,14.885973703091247,103.65530213757863
916,flood,2023,0.0,17.940311284134868,102.83336441440757
917,flood,2023,0.0,17.182328108290772,102.30194495447448
918,flood,2023,0.0,14.62405094492467,100.34808555407614
919,flood,2023,0.0,15.892596932460895,104.74132504669909
920,flood,2023,0.0,17.425144758296685,102.86318145309605
921,flood,2023,1.0,17.750871987430397,100.51784029868186
922,flood,2023,0.0,15.349611260851342,99.47777169507522
923,flood,2023,1.0,15.184055573964745,105.11087856130486
924,pm,2018,0.0,8.140298895036075,99.00755702760951
925,pm,2018,0.0,13.77135268917555,100.62255159880364
926,pm,2018,0.0,14.584208913291382,99.04779096470659
927,pm,2018,0.0,16.628164040387258,103.62182640580903
928,pm,2018,0.0,16.33105872411372,99.53466805561666
929,pm,2018,0.0,16.408745747827354,102.57856193774448
930,pm,2018,0.0,12.880818769665028,102.12986786038938
931,pm,2018,0.0,13.606466039221752,101.42540643119744
932,pm,2018,0.0,13.191300740006616,101.20278324690055
933,pm,2018,0.0,15.132705653972614,100.02786698637202
934,pm,2018,0.0,16.031557903013717,101.81742252833277
935,pm,2018,0.0,10.344708845012159,99.06143147023039
936,pm,2018,0.0,19.847269103706772,99.86586681445178
937,pm,2018,0.0,18.791867107775744,98.72762693448183
938,pm,2018,0.0,7.543508589393405,99.59484764255927
939,pm,2018,0.0,12.317119845801914,102.52079304247948
940,pm,2018,0.0,16.718468679984028,98.79318727875791
941,pm,2018,0.0,14.217167803628412,101.171132665719
942,pm,2018,0.0,13.924332563341029,100.10272840546162
943,pm,2018,0.0,17.38407259745835,104.4287771286261
944,pm,2018,0.0,14.956615121373286,102.10972846561535
945,pm,2018,0.0,8.37892299084666,99.78690640086293
946,pm,2018,0.0,15.683490480600515,100.14978275045216
947,pm,2018,0.0,13.924451724123463,100.39243839381135
948,pm,2018,0.0,6.177827875912442,101.71865000855404
949,pm,2018,0.0,18.853269803023007,100.83531950086387
950,pm,2018,0.0,18.148898341471345,103.71017348884088
951,pm,2018,0.0,14.821269437382593,102.95713074821138
952,pm,2018,0.0,14.064938393109594,100.6818142756639
953,pm,2018,0.0,11.947079897799647,99.63511084306548
954,pm,2018,0.0,14.047941646863944,101.64804994467164
955,pm,2018,0.0,6.7306447617597325,101.34970204972382
956,pm,2018,0.0,14.345026596381558,100.52700388605878
957,pm,2018,0.0,19.234380522196133,100.19126680865371
958,pm,2018,0.0,8.562717029111814,98.4456029963924
959,pm,2018,0.0,7.516150762363705,100.0699438228184
960,pm,2018,0.0,16.25959708403817,100.34298441645052
961,pm,2018,0.0,16.98273920593606,100.54290826267558
962,pm,2018,0.0,12.947210693767495,99.6186891238277
963,pm,2018,0.0,16.27822335357501,101.14644874314673
964,pm,2018,0.0,18.19972533864006,100.0647085848686
965,pm,2018,0.0,7.9677941282734945,98.3455186308224
966,pm,2018,0.0,15.999670299999616,103.16549513488901
967,pm,2018,0.0,16.561721594099605,104.51731670864125
968,pm,2018,0.0,18.809845954652083,98.03011575670982
969,pm,2018,0.0,15.895196638032777,104.33849969789593
970,pm,2018,0.0,6.190695545773283,101.22803529551352
971,pm,2018,0.0,15.91959436972968,103.81326531234367
972,pm,2018,0.0,9.970275521153308,98.69884066401633
973,pm,2018,0.0,12.85332640426575,101.4283817096038
974,pm,2018,0.0,13.534766555161525,99.57781452079249
975,pm,2018,0.0,15.10936558157887,100.90762857839357
976,pm,2018,0.0,18.327227993569277,99.51228517238835
977,pm,2018,0.0,18.119023704567674,98.95469129141706
978,pm,2018,0.0,17.40861437092707,101.63512316909184
979,pm,2018,0.0,14.856420712750177,104.3685022115422
980,pm,2018,0.0,17.390085106732556,103.8242578170639
981,pm,2018,0.0,6.934366554128039,100.54542980741354
982,pm,2018,0.0,6.834110236997786,99.92719323524825
983,pm,2018,0.0,13.596895562151218,100.70908693621145
984,pm,2018,0.0,13.396815749013593,99.95329467939018
985,pm,2018,0.0,13.568971154314582,100.21226681824847
986,pm,2018,0.0,13.788581390999266,102.32193777518117
987,pm,2018,0.0,14.628211466686377,101.01735220705412
988,pm,2018,0.0,14.91234927057466,100.34718808134686
989,pm,2018,0.0,17.26353048873597,99.71103982379896
990,pm,2018,0.0,14.609337189970104,99.89156811543974
991,pm,2018,0.0,9.05251233269446,99.0903409109556
992,pm,2018,0.0,14.885973703091247,103.65530213757863
993,pm,2018,0.0,17.940311284134868,102.83336441440757
994,pm,2018,0.0,17.182328108290772,102.30194495447448
995,pm,2018,0.0,14.62405094492467,100.34808555407614
996,pm,2018,0.0,15.892596932460895,104.74132504669909
997,pm,2018,0.0,17.425144758296685,102.86318145309605
998,pm,2018,0.0,17.750871987430397,100.51784029868186
999,pm,2018,0.0,15.349611260851342,99.47777169507522
1000,pm,2018,,15.184055573964745,105.11087856130486
1001,pm,2019,4.0,8.140298895036075,99.00755702760951
1002,pm,2019,0.0,13.77135268917555,100.62255159880364
1003,pm,2019,0.0,14.584208913291382,99.04779096470659
1004,pm,2019,3.0,16.628164040387258,103.62182640580903
1005,pm,2019,0.0,16.33105872411372,99.53466805561666
1006,pm,2019,3.0,16.408745747827354,102.57856193774448
1007,pm,2019,3.0,12.880818769665028,102.12986786038938
1008,pm,2019,2.0,13.606466039221752,101.42540643119744
1009,pm,2019,2.0,13.191300740006616,101.20278324690055
1010,pm,2019,2.0,15.132705653972614,100.02786698637202
1011,pm,2019,2.0,16.031557903013717,101.81742252833277
1012,pm,2019,2.0,10.344708845012159,99.06143147023039
1013,pm,2019,2.0,19.847269103706772,99.86586681445178
1014,pm,2019,0.0,18.791867107775744,98.72762693448183
1015,pm,2019,1.0,7.543508589393405,99.59484764255927
1016,pm,2019,1.0,12.317119845801914,102.52079304247948
1017,pm,2019,1.0,16.718468679984028,98.79318727875791
1018,pm,2019,1.0,14.217167803628412,101.171132665719
1019,pm,2019,0.0,13.924332563341029,100.10272840546162
1020,pm,2019,0.0,17.38407259745835,104.4287771286261
1021,pm,2019,1.0,14.956615121373286,102.10972846561535
1022,pm,2019,1.0,8.37892299084666,99.78690640086293
1023,pm,2019,0.0,15.683490480600515,100.14978275045216
1024,pm,2019,1.0,13.924451724123463,100.39243839381135
1025,pm,2019,0.0,6.177827875912442,101.71865000855404
1026,pm,2019,0.0,18.853269803023007,100.83531950086387
1027,pm,2019,0.0,18.148898341471345,103.71017348884088
1028,pm,2019,0.0,14.821269437382593,102.95713074821138
1029,pm,2019,0.0,14.064938393109594,100.6818142756639
1030,pm,2019,0.0,11.947079897799647,99.63511084306548
1031,pm,2019,0.0,14.047941646863944,101.64804994467164
1032,pm,2019,0.0,6.7306447617597325,101.34970204972382
1033,pm,2019,0.0,14.345026596381558,100.52700388605878
1034,pm,2019,0.0,19.234380522196133,100.19126680865371
1035,pm,2019,0.0,8.562717029111814,98.4456029963924
1036,pm,2019,0.0,7.516150762363705,100.0699438228184
1037,pm,2019,0.0,16.25959708403817,100.34298441645052
1038,pm,2019,0.0,16.98273920593606,100.54290826267558
1039,pm,2019,0.0,12.947210693767495,99.6186891238277
1040,pm,2019,0.0,16.27822335357501,101.14644874314673
1041,pm,2019,0.0,18.19972533864006,100.0647085848686
1042,pm,2019,0.0,7.9677941282734945,98.3455186308224
1043,pm,2019,0.0,15.999670299999616,103.16549513488901
1044,pm,2019,0.0,16.561721594099605,104.51731670864125
1045,pm,2019,0.0,18.809845954652083,98.03011575670982
1046,pm,2019,0.0,15.895196638032777,104.33849969789593
1047,pm,2019,0.0,6.190695545773283,101.22803529551352
1048,pm,2019,0.0,15.91959436972968,103.81326531234367
1049,pm,2019,0.0,9.970275521153308,98.69884066401633
1050,pm,2019,0.0,12.85332640426575,101.4283817096038
1051,pm,2019,0.0,13.534766555161525,99.57781452079249
1052,pm,2019,0.0,15.10936558157887,100.90762857839357
1053,pm,2019,0.0,18.327227993569277,99.51228517238835
1054,pm,2019,0.0,18.119023704567674,98.95469129141706
1055,pm,2019,0.0,17.40861437092707,101.63512316909184
1056,pm,2019,0.0,14.856420712750177,104.3685022115422
1057,pm,2019,0.0,17.390085106732556,103.8242578170639
1058,pm,2019,0.0,6.934366554128039,100.54542980741354
1059,pm,2019,0.0,6.834110236997786,99.92719323524825
1060,pm,2019,0.0,13.596895562151218,100.70908693621145
1061,pm,2019,0.0,13.396815749013593,99.95329467939018
1062,pm,2019,0.0,13.568971154314582,100.21226681824847
1063,pm,2019,0.0,13.788581390999266,102.32193777518117
1064,pm,2019,0.0,14.628211466686377,101.01735220705412
1065,pm,2019,0.0,14.91234927057466,100.34718808134686
1066,pm,2019,0.0,17.26353048873597,99.71103982379896
1067,pm,2019,0.0,14.609337189970104,99.89156811543974
1068,pm,2019,0.0,9.05251233269446,99.0903409109556
1069,pm,2019,0.0,14.885973703091247,103.65530213757863
1070,pm,2019,0.0,17.940311284134868,102.83336441440757
1071,pm,2019,0.0,17.182328108290772,102.30194495447448
1072,pm,2019,0.0,14.62405094492467,100.34808555407614
1073,pm,2019,0.0,15.892596932460895,104.74132504669909
1074,pm,2019,0.0,17.425144758296685,102.86318145309605
1075,pm,2019,0.0,17.750871987430397,100.51784029868186
1076,pm,2019,0.0,15.349611260851342,99.47777169507522
1077,pm,2019,,15.184055573964745,105.11087856130486
1078,pm,2020,0.0,8.140298895036075,99.00755702760951
1079,pm,2020,0.0,13.77135268917555,100.62255159880364
1080,pm,2020,0.0,14.584208913291382,99.04779096470659
1081,pm,2020,1.0,16.628164040387258,103.62182640580903
1082,pm,2020,0.0,16.33105872411372,99.53466805561666
1083,pm,2020,2.0,16.408745747827354,102.57856193774448
1084,pm,2020,0.0,12.880818769665028,102.12986786038938
1085,pm,2020,7.0,13.606466039221752,101.42540643119744
1086,pm,2020,0.0,13.191300740006616,101.20278324690055
1087,pm,2020,1.0,15.132705653972614,100.02786698637202
1088,pm,2020,4.0,16.031557903013717,101.81742252833277
1089,pm,2020,1.0,10.344708845012159,99.06143147023039
1090,pm,2020,2.0,19.847269103706772,99.86586681445178
1091,pm,2020,0.0,18.791867107775744,98.72762693448183
1092,pm,2020,0.0,7.543508589393405,99.59484764255927
1093,pm,2020,1.0,12.317119845801914,102.52079304247948
1094,pm,2020,0.0,16.718468679984028,98.79318727875791
1095,pm,2020,1.0,14.217167803628412,101.171132665719
1096,pm,2020,0.0,13.924332563341029,100.10272840546162
1097,pm,2020,0.0,17.38407259745835,104.4287771286261
1098,pm,2020,0.0,14.956615121373286,102.10972846561535
1099,pm,2020,0.0,8.37892299084666,99.78690640086293
1100,pm,2020,0.0,15.683490480600515,100.14978275045216
1101,pm,2020,0.0,13.924451724123463,100.39243839381135
1102,pm,2020,0.0,6.177827875912442,101.71865000855404
1103,pm,2020,0.0,18.853269803023007,100.83531950086387
1104,pm,2020,0.0,18.148898341471345,103.71017348884088
1105,pm,2020,0.0,14.821269437382593,102.95713074821138
1106,pm,2020,6.0,14.064938393109594,100.6818142756639
1107,pm,2020,3.0,11.947079897799647,99.63511084306548
1108,pm,2020,0.0,14.047941646863944,101.64804994467164
1109,pm,2020,0.0,6.7306447617597325,101.34970204972382
1110,pm,2020,3.0,14.345026596381558,100.52700388605878
1111,pm,2020,2.0,19.234380522196133,100.19126680865371
1112,pm,2020,1.0,8.562717029111814,98.4456029963924
1113,pm,2020,0.0,7.516150762363705,100.0699438228184
1114,pm,2020,0.0,16.25959708403817,100.34298441645052
1115,pm,2020,0.0,16.98273920593606,100.54290826267558
1116,pm,2020,1.0,12.947210693767495,99.6186891238277
1117,pm,2020,1.0,16.27822335357501,101.14644874314673
1118,pm,2020,1.0,18.19972533864006,100.0647085848686
1119,pm,2020,0.0,7.9677941282734945,98.3455186308224
1120,pm,2020,0.0,15.999670299999616,103.16549513488901
1121,pm,2020,1.0,16.561721594099605,104.51731670864125
1122,pm,2020,0.0,18.809845954652083,98.03011575670982
1123,pm,2020,0.0,15.895196638032777,104.33849969789593
1124,pm,2020,0.0,6.190695545773283,101.22803529551352
1125,pm,2020,1.0,15.91959436972968,103.81326531234367
1126,pm,2020,1.0,9.970275521153308,98.69884066401633
1127,pm,2020,0.0,12.85332640426575,101.4283817096038
1128,pm,2020,0.0,13.534766555161525,99.57781452079249
1129,pm,2020,0.0,15.10936558157887,100.90762857839357
1130,pm,2020,0.0,18.327227993569277,99.51228517238835
1131,pm,2020,0.0,18.119023704567674,98.95469129141706
1132,pm,2020,0.0,17.40861437092707,101.63512316909184
1133,pm,2020,0.0,14.856420712750177,104.3685022115422
1134,pm,2020,0.0,17.390085106732556,103.8242578170639
1135,pm,2020,0.0,6.934366554128039,100.54542980741354
1136,pm,2020,0.0,6.834110236997786,99.92719323524825
1137,pm,2020,0.0,13.596895562151218,100.70908693621145
1138,pm,2020,0.0,13.396815749013593,99.95329467939018
1139,pm,2020,0.0,13.568971154314582,100.21226681824847
1140,pm,2020,0.0,13.788581390999266,102.32193777518117
1141,pm,2020,0.0,14.628211466686377,101.01735220705412
1142,pm,2020,0.0,14.91234927057466,100.34718808134686
1143,pm,2020,0.0,17.26353048873597,99.71103982379896
1144,pm,2020,0.0,14.609337189970104,99.89156811543974
1145,pm,2020,0.0,9.05251233269446,99.0903409109556
1146,pm,2020,0.0,14.885973703091247,103.65530213757863
1147,pm,2020,0.0,17.940311284134868,102.83336441440757
1148,pm,2020,0.0,17.182328108290772,102.30194495447448
1149,pm,2020,0.0,14.62405094492467,100.34808555407614
1150,pm,2020,0.0,15.892596932460895,104.74132504669909
1151,pm,2020,0.0,17.425144758296685,102.86318145309605
1152,pm,2020,0.0,17.750871987430397,100.51784029868186
1153,pm,2020,0.0,15.349611260851342,99.47777169507522
1154,pm,2020,,15.184055573964745,105.11087856130486
1155,pm,2021,0.0,8.140298895036075,99.00755702760951
1156,pm,2021,0.0,13.77135268917555,100.62255159880364
1157,pm,2021,0.0,14.584208913291382,99.04779096470659
1158,pm,2021,0.0,16.628164040387258,103.62182640580903
1159,pm,2021,0.0,16.33105872411372,99.53466805561666
1160,pm,2021,0.0,16.408745747827354,102.57856193774448
1161,pm,2021,0.0,12.880818769665028,102.12986786038938
1162,pm,2021,1.0,13.606466039221752,101.42540643119744
1163,pm,2021,0.0,13.191300740006616,101.20278324690055
1164,pm,2021,0.0,15.132705653972614,100.02786698637202
1165,pm,2021,0.0,16.031557903013717,101.81742252833277
1166,pm,2021,0.0,10.344708845012159,99.06143147023039
1167,pm,2021,0.0,19.847269103706772,99.86586681445178
1168,pm,2021,0.0,18.791867107775744,98.72762693448183
1169,pm,2021,0.0,7.543508589393405,99.59484764255927
1170,pm,2021,0.0,12.317119845801914,102.52079304247948
1171,pm,2021,0.0,16.718468679984028,98.79318727875791
1172,pm,2021,0.0,14.217167803628412,101.171132665719
1173,pm,2021,0.0,13.924332563341029,100.10272840546162
1174,pm,2021,0.0,17.38407259745835,104.4287771286261
1175,pm,2021,0.0,14.956615121373286,102.10972846561535
1176,pm,2021,0.0,8.37892299084666,99.78690640086293
1177,pm,2021,0.0,15.683490480600515,100.14978275045216
1178,pm,2021,0.0,13.924451724123463,100.39243839381135
1179,pm,2021,0.0,6.177827875912442,101.71865000855404
1180,pm,2021,0.0,18.853269803023007,100.83531950086387
1181,pm,2021,0.0,18.148898341471345,103.71017348884088
1182,pm,2021,0.0,14.821269437382593,102.95713074821138
1183,pm,2021,0.0,14.064938393109594,100.6818142756639
1184,pm,2021,1.0,11.947079897799647,99.63511084306548
1185,pm,2021,0.0,14.047941646863944,101.64804994467164
1186,pm,2021,0.0,6.7306447617597325,101.34970204972382
1187,pm,2021,0.0,14.345026596381558,100.52700388605878
1188,pm,2021,0.0,19.234380522196133,100.19126680865371
1189,pm,2021,0.0,8.562717029111814,98.4456029963924
1190,pm,2021,0.0,7.516150762363705,100.0699438228184
1191,pm,2021,0.0,16.25959708403817,100.34298441645052
1192,pm,2021,0.0,16.98273920593606,100.54290826267558
1193,pm,2021,0.0,12.947210693767495,99.6186891238277
1194,pm,2021,0.0,16.27822335357501,101.14644874314673
1195,pm,2021,0.0,18.19972533864006,100.0647085848686
1196,pm,2021,0.0,7.9677941282734945,98.3455186308224
1197,pm,2021,0.0,15.999670299999616,103.16549513488901
1198,pm,2021,1.0,16.561721594099605,104.51731670864125
1199,pm,2021,0.0,18.809845954652083,98.03011575670982
1200,pm,2021,0.0,15.895196638032777,104.33849969789593
1201,pm,2021,0.0,6.190695545773283,101.22803529551352
1202,pm,2021,0.0,15.91959436972968,103.81326531234367
1203,pm,2021,0.0,9.970275521153308,98.69884066401633
1204,pm,2021,6.0,12.85332640426575,101.4283817096038
1205,pm,2021,1.0,13.534766555161525,99.57781452079249
1206,pm,2021,0.0,15.10936558157887,100.90762857839357
1207,pm,2021,0.0,18.327227993569277,99.51228517238835
1208,pm,2021,0.0,18.119023704567674,98.95469129141706
1209,pm,2021,0.0,17.40861437092707,101.63512316909184
1210,pm,2021,0.0,14.856420712750177,104.3685022115422
1211,pm,2021,0.0,17.390085106732556,103.8242578170639
1212,pm,2021,0.0,6.934366554128039,100.54542980741354
1213,pm,2021,0.0,6.834110236997786,99.92719323524825
1214,pm,2021,0.0,13.596895562151218,100.70908693621145
1215,pm,2021,0.0,13.396815749013593,99.95329467939018
1216,pm,2021,0.0,13.568971154314582,100.21226681824847
1217,pm,2021,0.0,13.788581390999266,102.32193777518117
1218,pm,2021,0.0,14.628211466686377,101.01735220705412
1219,pm,2021,0.0,14.91234927057466,100.34718808134686
1220,pm,2021,0.0,17.26353048873597,99.71103982379896
1221,pm,2021,0.0,14.609337189970104,99.89156811543974
1222,pm,2021,0.0,9.05251233269446,99.0903409109556
1223,pm,2021,0.0,14.885973703091247,103.65530213757863
1224,pm,2021,0.0,17.940311284134868,102.83336441440757
1225,pm,2021,0.0,17.182328108290772,102.30194495447448
1226,pm,2021,0.0,14.62405094492467,100.34808555407614
1227,pm,2021,0.0,15.892596932460895,104.74132504669909
1228,pm,2021,0.0,17.425144758296685,102.86318145309605
1229,pm,2021,0.0,17.750871987430397,100.51784029868186
1230,pm,2021,0.0,15.349611260851342,99.47777169507522
1231,pm,2021,,15.184055573964745,105.11087856130486
1232,pm,2022,0.0,8.140298895036075,99.00755702760951
1233,pm,2022,0.0,13.77135268917555,100.62255159880364
1234,pm,2022,0.0,14.584208913291382,99.04779096470659
1235,pm,2022,0.0,16.628164040387258,103.62182640580903
1236,pm,2022,0.0,16.33105872411372,99.53466805561666
1237,pm,2022,0.0,16.408745747827354,102.57856193774448
1238,pm,2022,0.0,12.880818769665028,102.12986786038938
1239,pm,2022,0.0,13.606466039221752,101.42540643119744
1240,pm,2022,0.0,13.191300740006616,101.20278324690055
1241,pm,2022,0.0,15.132705653972614,100.02786698637202
1242,pm,2022,0.0,16.031557903013717,101.81742252833277
1243,pm,2022,0.0,10.344708845012159,99.06143147023039
1244,pm,2022,2.0,19.847269103706772,99.86586681445178
1245,pm,2022,0.0,18.791867107775744,98.72762693448183
1246,pm,2022,0.0,7.543508589393405,99.59484764255927
1247,pm,2022,0.0,12.317119845801914,102.52079304247948
1248,pm,2022,0.0,16.718468679984028,98.79318727875791
1249,pm,2022,0.0,14.217167803628412,101.171132665719
1250,pm,2022,0.0,13.924332563341029,100.10272840546162
1251,pm,2022,0.0,17.38407259745835,104.4287771286261
1252,pm,2022,0.0,14.956615121373286,102.10972846561535
1253,pm,2022,0.0,8.37892299084666,99.78690640086293
1254,pm,2022,0.0,15.683490480600515,100.14978275045216
1255,pm,2022,0.0,13.924451724123463,100.39243839381135
1256,pm,2022,0.0,6.177827875912442,101.71865000855404
1257,pm,2022,0.0,18.853269803023007,100.83531950086387
1258,pm,2022,0.0,18.148898341471345,103.71017348884088
1259,pm,2022,0.0,14.821269437382593,102.95713074821138
1260,pm,2022,2.0,14.064938393109594,100.6818142756639
1261,pm,2022,0.0,11.947079897799647,99.63511084306548
1262,pm,2022,0.0,14.047941646863944,101.64804994467164
1263,pm,2022,0.0,6.7306447617597325,101.34970204972382
1264,pm,2022,1.0,14.345026596381558,100.52700388605878
1265,pm,2022,0.0,19.234380522196133,100.19126680865371
1266,pm,2022,0.0,8.562717029111814,98.4456029963924
1267,pm,2022,0.0,7.516150762363705,100.0699438228184
1268,pm,2022,0.0,16.25959708403817,100.34298441645052
1269,pm,2022,0.0,16.98273920593606,100.54290826267558
1270,pm,2022,0.0,12.947210693767495,99.6186891238277
1271,pm,2022,0.0,16.27822335357501,101.14644874314673
1272,pm,2022,0.0,18.19972533864006,100.0647085848686
1273,pm,2022,0.0,7.9677941282734945,98.3455186308224
1274,pm,2022,0.0,15.999670299999616,103.16549513488901
1275,pm,2022,0.0,16.561721594099605,104.51731670864125
1276,pm,2022,0.0,18.809845954652083,98.03011575670982
1277,pm,2022,0.0,15.895196638032777,104.33849969789593
1278,pm,2022,0.0,6.190695545773283,101.22803529551352
1279,pm,2022,0.0,15.91959436972968,103.81326531234367
1280,pm,2022,0.0,9.970275521153308,98.69884066401633
1281,pm,2022,1.0,12.85332640426575,101.4283817096038
1282,pm,2022,0.0,13.534766555161525,99.57781452079249
1283,pm,2022,0.0,15.10936558157887,100.90762857839357
1284,pm,2022,0.0,18.327227993569277,99.51228517238835
1285,pm,2022,3.0,18.119023704567674,98.95469129141706
1286,pm,2022,0.0,17.40861437092707,101.63512316909184
1287,pm,2022,0.0,14.856420712750177,104.3685022115422
1288,pm,2022,1.0,17.390085106732556,103.8242578170639
1289,pm,2022,1.0,6.934366554128039,100.54542980741354
1290,pm,2022,1.0,6.834110236997786,99.92719323524825
1291,pm,2022,0.0,13.596895562151218,100.70908693621145
1292,pm,2022,0.0,13.396815749013593,99.95329467939018
1293,pm,2022,0.0,13.568971154314582,100.21226681824847
1294,pm,2022,0.0,13.788581390999266,102.32193777518117
1295,pm,2022,0.0,14.628211466686377,101.01735220705412
1296,pm,2022,0.0,14.91234927057466,100.34718808134686
1297,pm,2022,0.0,17.26353048873597,99.71103982379896
1298,pm,2022,0.0,14.609337189970104,99.89156811543974
1299,pm,2022,0.0,9.05251233269446,99.0903409109556
1300,pm,2022,0.0,14.885973703091247,103.65530213757863
1301,pm,2022,0.0,17.940311284134868,102.83336441440757
1302,pm,2022,0.0,17.182328108290772,102.30194495447448
1303,pm,2022,0.0,14.62405094492467,100.34808555407614
1304,pm,2022,0.0,15.892596932460895,104.74132504669909
1305,pm,2022,0.0,17.425144758296685,102.86318145309605
1306,pm,2022,0.0,17.750871987430397,100.51784029868186
1307,pm,2022,0.0,15.349611260851342,99.47777169507522
1308,pm,2022,,15.184055573964745,105.11087856130486
1309,pm,2023,0.0,8.140298895036075,99.00755702760951
1310,pm,2023,0.0,13.77135268917555,100.62255159880364
1311,pm,2023,0.0,14.584208913291382,99.04779096470659
1312,pm,2023,0.0,16.628164040387258,103.62182640580903
1313,pm,2023,0.0,16.33105872411372,99.53466805561666
1314,pm,2023,0.0,16.408745747827354,102.57856193774448
1315,pm,2023,1.0,12.880818769665028,102.12986786038938
1316,pm,2023,1.0,13.606466039221752,101.42540643119744
1317,pm,2023,0.0,13.191300740006616,101.20278324690055
1318,pm,2023,1.0,15.132705653972614,100.02786698637202
1319,pm,2023,2.0,16.031557903013717,101.81742252833277
1320,pm,2023,0.0,10.344708845012159,99.06143147023039
1321,pm,2023,1.0,19.847269103706772,99.86586681445178
1322,pm,2023,0.0,18.791867107775744,98.72762693448183
1323,pm,2023,0.0,7.543508589393405,99.59484764255927
1324,pm,2023,0.0,12.317119845801914,102.52079304247948
1325,pm,2023,6.0,16.718468679984028,98.79318727875791
1326,pm,2023,0.0,14.217167803628412,101.171132665719
1327,pm,2023,0.0,13.924332563341029,100.10272840546162
1328,pm,2023,0.0,17.38407259745835,104.4287771286261
1329,pm,2023,0.0,14.956615121373286,102.10972846561535
1330,pm,2023,0.0,8.37892299084666,99.78690640086293
1331,pm,2023,0.0,15.683490480600515,100.14978275045216
1332,pm,2023,0.0,13.924451724123463,100.39243839381135
1333,pm,2023,0.0,6.177827875912442,101.71865000855404
1334,pm,2023,0.0,18.853269803023007,100.83531950086387
1335,pm,2023,0.0,18.148898341471345,103.71017348884088
1336,pm,2023,0.0,14.821269437382593,102.95713074821138
1337,pm,2023,2.0,14.064938393109594,100.6818142756639
1338,pm,2023,0.0,11.947079897799647,99.63511084306548
1339,pm,2023,0.0,14.047941646863944,101.64804994467164
1340,pm,2023,0.0,6.7306447617597325,101.34970204972382
1341,pm,2023,4.0,14.345026596381558,100.52700388605878
1342,pm,2023,1.0,19.234380522196133,100.19126680865371
1343,pm,2023,0.0,8.562717029111814,98.4456029963924
1344,pm,2023,0.0,7.516150762363705,100.0699438228184
1345,pm,2023,0.0,16.25959708403817,100.34298441645052
1346,pm,2023,0.0,16.98273920593606,100.54290826267558
1347,pm,2023,0.0,12.947210693767495,99.6186891238277
1348,pm,2023,0.0,16.27822335357501,101.14644874314673
1349,pm,2023,0.0,18.19972533864006,100.0647085848686
1350,pm,2023,0.0,7.9677941282734945,98.3455186308224
1351,pm,2023,0.0,15.999670299999616,103.16549513488901
1352,pm,2023,0.0,16.561721594099605,104.51731670864125
1353,pm,2023,0.0,18.809845954652083,98.03011575670982
1354,pm,2023,0.0,15.895196638032777,104.33849969789593
1355,pm,2023,0.0,6.190695545773283,101.22803529551352
1356,pm,2023,1.0,15.91959436972968,103.81326531234367
1357,pm,2023,0.0,9.970275521153308,98.69884066401633
1358,pm,2023,0.0,12.85332640426575,101.4283817096038
1359,pm,2023,2.0,13.534766555161525,99.57781452079249
1360,pm,2023,0.0,15.10936558157887,100.90762857839357
1361,pm,2023,0.0,18.327227993569277,99.51228517238835
1362,pm,2023,5.0,18.119023704567674,98.95469129141706
1363,pm,2023,0.0,17.40861437092707,101.63512316909184
1364,pm,2023,0.0,14.856420712750177,104.3685022115422
1365,pm,2023,0.0,17.390085106732556,103.8242578170639
1366,pm,2023,0.0,6.934366554128039,100.54542980741354
1367,pm,2023,0.0,6.834110236997786,99.92719323524825
1368,pm,2023,0.0,13.596895562151218,100.70908693621145
1369,pm,2023,0.0,13.396815749013593,99.95329467939018
1370,pm,2023,0.0,13.568971154314582,100.21226681824847
1371,pm,2023,3.0,13.788581390999266,102.32193777518117
1372,pm,2023,1.0,14.628211466686377,101.01735220705412
1373,pm,2023,0.0,14.91234927057466,100.34718808134686
1374,pm,2023,0.0,17.26353048873597,99.71103982379896
1375,pm,2023,1.0,14.609337189970104,99.89156811543974
1376,pm,2023,0.0,9.05251233269446,99.0903409109556
1377,pm,2023,0.0,14.885973703091247,103.65530213757863
1378,pm,2023,0.0,17.940311284134868,102.83336441440757
1379,pm,2023,0.0,17.182328108290772,102.30194495447448
1380,pm,2023,0.0,14.62405094492467,100.34808555407614
1381,pm,2023,0.0,15.892596932460895,104.74132504669909
1382,pm,2023,1.0,17.425144758296685,102.86318145309605
1383,pm,2023,0.0,17.750871987430397,100.51784029868186
1384,pm,2023,0.0,15.349611260851342,99.47777169507522
1385,pm,2023,,15.184055573964745,105.11087856130486
